geo_level_1_id,geo_level_2_id,geo_level_3_id,count_floors_pre_eq,age,area_percentage,height_percentage,has_superstructure_adobe_mud,has_superstructure_mud_mortar_stone,damage_grade
6,487,12198,2,30,6,5,1,1,2
8,900,2812,2,10,8,7,0,1,1
21,363,8973,2,10,5,5,0,1,2
22,418,10694,2,10,6,5,0,1,1
11,131,1488,3,30,8,9,1,0,2
8,558,6089,2,10,9,5,0,1,1
9,475,12066,2,25,3,4,0,1,2
20,323,12236,2,0,8,6,0,0,0
0,757,7219,2,15,8,6,0,1,1
26,886,994,1,0,13,4,0,0,0
17,1119,12188,2,20,9,6,0,1,2
17,1275,4004,1,10,8,4,0,0,1
12,335,8167,2,15,6,5,0,1,1
17,817,6284,3,45,7,7,0,1,2
18,1295,6994,2,25,7,6,0,0,2
4,484,11114,2,55,4,4,0,1,1
6,706,12267,2,5,7,5,0,1,1
27,216,12323,3,10,7,7,1,1,2
26,1401,3904,1,20,12,3,0,0,1
8,41,6024,2,20,16,4,0,1,2
27,216,12323,3,40,7,5,1,0,1
25,211,10587,2,30,6,5,0,1,1
10,90,11215,2,0,6,5,0,1,1
4,1235,4976,3,25,6,6,0,1,1
11,660,9780,2,80,5,5,0,1,1
21,1051,759,2,40,5,5,0,1,2
7,1328,5612,3,10,11,5,0,1,1
4,707,12040,2,15,8,5,0,1,1
3,1229,7251,2,10,7,6,0,1,1
27,548,1119,3,60,27,10,1,0,2
25,843,5236,2,35,11,5,0,1,1
20,953,6651,2,15,13,5,0,0,1
6,706,11722,2,20,4,4,0,1,1
10,405,5132,2,10,3,6,0,1,1
18,256,3430,2,15,7,5,0,1,2
21,336,5107,2,25,5,4,0,1,2
13,305,5956,2,0,9,8,0,1,0
17,303,4121,3,0,10,7,0,1,2
6,1210,9423,3,40,5,7,0,1,2
4,1218,2175,2,0,9,4,0,1,1
10,825,7934,2,20,8,5,0,0,1
7,728,5682,2,30,3,5,1,1,1
17,1030,1525,3,70,16,7,0,1,2
10,1207,8379,2,20,5,5,0,1,1
6,724,7981,2,10,5,5,0,1,1
7,157,5265,1,5,11,3,0,0,0
20,261,11561,2,15,7,5,0,0,1
26,1028,5591,2,15,10,5,0,1,1
10,1097,399,2,20,7,4,0,1,2
26,762,742,1,0,15,3,0,1,0
20,261,2189,2,10,7,5,0,1,1
10,825,8577,2,30,11,5,0,0,1
8,463,8236,2,10,6,6,0,0,1
10,661,8482,1,0,12,3,0,0,0
10,417,9845,2,25,3,5,0,1,2
17,618,2018,2,10,6,5,0,1,2
10,804,5797,1,30,5,2,0,1,2
30,73,12532,2,45,10,5,0,1,1
17,1183,12265,2,25,6,5,1,1,2
13,221,7919,3,20,7,6,0,1,1
6,1210,1547,3,10,13,9,0,1,1
8,440,4222,2,5,5,5,0,1,1
6,139,2223,2,20,15,7,0,1,1
7,1356,11548,1,0,16,2,0,1,2
26,39,9133,1,10,14,3,0,0,1
9,230,2078,2,15,10,4,0,0,1
27,390,24,4,60,9,8,0,0,1
9,546,12341,1,5,9,3,0,0,1
10,83,8021,3,45,10,8,0,1,2
17,1183,1113,3,15,7,7,0,1,2
6,287,3107,3,30,8,6,0,1,2
26,39,10795,1,0,17,3,0,0,1
17,1322,5359,3,10,6,7,0,1,2
6,981,7008,2,35,7,6,0,1,1
6,1253,5667,3,25,9,8,0,0,1
10,310,8321,2,5,3,4,0,1,1
20,136,4769,2,0,5,7,0,0,0
16,350,320,2,5,4,5,0,1,1
5,82,8819,3,20,7,7,0,1,1
10,90,11215,2,0,3,5,0,1,2
0,1274,4190,2,35,8,5,0,1,1
7,4,3979,2,40,9,4,0,1,1
17,1183,3257,2,20,9,5,0,1,2
25,1065,3930,2,10,5,6,0,1,1
6,1108,5245,2,35,7,8,0,1,2
11,765,3900,2,50,10,7,1,1,2
26,1110,4418,2,10,6,5,0,1,1
4,1095,6902,3,35,6,6,0,1,2
4,1202,5735,1,5,5,3,0,0,1
17,409,1701,2,5,11,7,0,1,2
5,853,1474,2,70,11,6,0,1,1
3,720,6531,3,20,6,8,0,1,2
6,376,12081,2,30,14,4,0,1,1
16,1012,6032,2,10,6,5,0,1,2
8,1225,3244,3,5,5,6,0,1,2
7,895,2140,2,15,8,4,0,1,2
8,1008,11555,1,35,7,3,0,1,2
10,1397,3396,1,10,8,3,0,1,1
21,477,4348,3,0,5,6,0,1,2
13,569,9184,3,0,12,6,0,1,1
4,369,911,2,0,13,5,0,1,1
7,964,512,2,15,8,5,0,1,1
20,517,269,2,25,6,6,0,1,1
4,474,11771,2,10,8,7,0,1,1
6,818,10038,2,10,21,4,0,1,1
3,574,4163,3,30,6,8,1,0,1
15,914,159,1,50,4,2,0,1,1
7,749,11262,2,5,9,5,0,1,1
26,39,11246,1,0,37,3,0,0,0
13,1035,7069,2,15,6,5,0,1,1
21,111,2181,3,10,10,6,0,1,2
6,262,4256,2,20,4,7,0,1,1
13,1365,10314,3,30,7,8,0,1,1
3,1387,8014,5,30,6,10,0,0,1
27,422,9497,2,0,14,7,0,0,0
6,187,9769,1,0,5,2,0,0,1
17,1183,3022,2,40,6,5,1,1,2
13,569,3291,2,10,11,6,0,1,1
22,942,452,2,10,6,5,0,1,2
13,523,12561,2,5,6,5,0,1,1
3,1387,8014,5,60,3,10,0,0,1
13,239,9298,2,10,3,5,0,1,2
18,751,8804,3,15,9,7,0,1,1
4,369,10737,2,15,6,5,0,1,1
26,110,11672,2,65,9,7,0,1,1
6,1022,8440,2,25,4,6,0,1,2
6,464,2800,2,0,4,4,0,1,1
20,236,141,1,10,5,5,0,1,1
4,699,5552,2,20,8,5,0,1,1
14,248,11001,2,15,6,6,0,1,1
22,355,10944,1,10,8,3,0,1,1
19,1070,4670,2,25,8,4,0,1,2
20,863,11793,2,5,7,6,0,1,1
7,157,6114,2,25,11,4,0,1,2
17,1196,2198,3,15,7,6,0,1,2
20,254,10698,1,10,4,5,0,0,1
27,1394,4411,2,60,11,5,0,1,2
10,127,1307,2,5,6,5,1,1,1
1,1169,8127,1,60,10,3,1,1,1
25,1186,3206,2,20,11,5,0,1,1
20,953,5878,2,10,14,6,0,0,1
26,39,633,1,10,11,3,0,0,0
8,1414,266,3,30,6,7,0,1,1
6,539,12168,2,15,7,6,0,1,1
26,110,7692,3,55,11,10,0,1,1
17,367,4869,2,20,16,5,0,1,2
10,575,9093,2,0,4,5,0,1,1
1,871,3175,2,20,7,5,0,1,2
20,672,313,2,20,5,5,0,1,1
8,1009,450,2,0,3,6,0,1,2
16,352,1413,2,20,19,6,0,1,1
21,727,6358,2,35,6,4,0,1,2
1,907,9117,2,15,2,4,0,1,1
20,1112,5573,2,10,7,4,0,0,1
27,1106,6656,2,30,11,5,1,0,2
20,190,9386,2,10,15,6,0,0,1
10,337,296,2,15,5,5,0,1,1
27,422,11125,1,20,5,3,0,1,2
25,745,3003,2,25,8,4,0,1,1
26,1028,5591,3,45,9,7,0,1,1
17,876,6007,2,20,21,5,0,1,2
20,1217,3908,2,15,6,6,0,1,1
21,324,6637,1,15,6,2,0,1,2
8,426,6408,1,5,3,3,0,1,2
10,575,1463,2,5,8,5,0,1,1
0,1274,2521,2,20,6,5,0,1,1
24,628,6963,3,15,28,7,1,0,1
7,675,277,1,50,4,2,0,1,2
30,73,10557,2,25,17,4,0,1,2
4,388,12059,2,0,7,5,0,1,1
27,1155,11652,3,15,16,8,0,1,1
30,795,1786,2,25,7,7,0,1,1
8,1414,11124,3,10,6,5,0,1,2
21,9,9101,3,30,3,6,0,1,2
27,1394,6663,3,30,3,6,1,0,2
10,87,10522,2,15,5,6,0,1,2
3,720,9139,3,15,13,7,1,0,1
20,158,2452,2,25,9,4,0,0,1
26,896,773,2,0,3,4,0,0,0
22,816,6854,2,30,8,5,0,1,2
6,592,8546,2,35,11,6,1,1,1
20,158,9229,1,10,4,3,0,1,2
26,896,9195,2,30,4,3,0,0,0
30,1391,3001,2,45,9,5,0,1,0
6,516,8770,3,10,6,5,0,1,1
28,121,11050,3,15,9,8,0,1,2
17,618,8632,2,15,12,6,0,1,2
17,721,6677,3,20,2,32,0,1,2
17,1067,3219,2,10,8,6,0,1,2
10,1382,8286,1,15,7,4,0,1,2
26,432,2370,2,0,11,5,0,0,0
30,795,1916,2,20,7,7,0,1,1
20,1021,10526,2,0,6,6,0,0,0
3,1006,4570,3,60,5,8,1,0,2
21,782,3897,2,0,7,6,0,0,0
27,548,6721,2,25,7,5,0,1,2
25,889,9084,2,15,7,6,0,1,1
20,500,9647,2,0,15,8,0,1,2
13,239,6349,2,10,3,6,0,1,2
13,606,1236,2,5,38,5,0,1,1
25,296,1952,2,10,8,5,0,1,1
8,501,7386,3,30,9,7,0,1,1
11,765,7376,3,40,9,7,1,0,2
4,1276,359,1,15,4,3,0,0,1
17,1381,12162,3,20,3,7,0,1,2
11,660,4821,3,30,14,8,0,0,1
13,1310,4214,2,20,5,5,0,1,1
10,1207,12014,3,30,5,7,0,1,2
25,745,2704,2,25,4,5,0,1,1
4,40,2797,2,10,8,5,0,1,1
20,497,9251,1,10,6,5,0,1,1
11,883,425,4,10,7,12,0,0,1
6,770,6581,2,20,7,7,0,1,1
3,574,1256,2,30,5,7,0,0,2
7,969,6746,2,5,4,7,0,1,1
20,270,5471,1,10,6,3,0,0,0
11,883,2822,5,100,12,11,0,0,1
7,749,11262,2,25,11,5,0,1,1
11,161,5988,2,10,4,6,0,1,2
13,221,2395,3,10,6,7,0,1,2
10,960,4657,2,30,4,4,0,1,2
10,661,9789,2,15,4,4,0,1,1
12,402,4955,2,15,4,4,0,1,1
6,457,11565,2,5,8,7,0,1,1
17,992,11870,2,20,8,6,1,1,2
6,724,10578,2,5,9,5,0,1,1
11,850,4688,3,15,8,7,0,0,1
20,174,11278,2,10,5,6,0,1,1
17,289,3449,2,75,6,5,0,1,1
30,1111,2068,2,20,4,4,0,1,1
26,39,9897,2,30,56,6,0,0,1
7,746,7595,2,0,1,5,0,1,1
4,755,10987,3,20,8,10,0,1,1
26,39,11246,1,0,6,2,0,0,0
13,1142,2125,2,0,13,6,0,1,1
17,367,4731,2,60,9,5,0,1,2
13,606,11975,2,0,11,5,0,1,1
20,158,9229,2,20,4,5,0,1,1
13,808,8106,2,5,8,5,0,1,1
20,1021,5023,2,10,13,5,0,0,0
7,904,2782,2,15,2,6,0,1,1
27,548,10720,3,85,7,6,0,1,2
20,254,10151,2,5,4,4,0,0,1
8,1020,2040,2,35,4,5,0,1,1
17,303,4121,2,10,5,5,0,1,2
6,1135,10872,2,20,6,5,0,1,2
19,160,12346,2,20,4,5,0,1,2
13,909,1637,2,30,4,6,0,1,1
6,1350,5830,2,0,20,7,0,0,0
17,263,9905,3,15,7,6,1,0,1
6,932,8018,2,20,3,7,0,1,1
11,765,7376,3,60,10,7,1,0,2
6,673,2803,1,5,4,3,0,1,1
17,367,7254,2,5,9,5,0,1,2
17,51,6788,3,20,6,7,0,1,2
7,423,10838,2,65,5,5,0,1,1
16,246,4699,2,15,8,7,1,1,2
16,1133,1124,1,25,8,3,0,1,1
8,178,5506,2,15,9,4,0,1,2
8,678,816,3,15,6,8,0,1,1
20,281,12017,2,10,6,7,0,1,1
27,533,2470,1,10,10,3,0,0,1
6,1253,3073,3,5,16,9,0,0,0
5,656,7049,2,20,6,6,0,1,1
3,175,3564,4,35,24,8,0,0,2
10,1278,10688,2,10,4,5,0,1,2
25,58,3823,1,50,5,3,0,1,2
20,190,4550,1,10,5,4,0,0,1
7,800,1752,2,15,5,5,1,0,1
15,188,10537,2,25,7,5,1,0,1
7,49,4384,2,25,6,8,0,1,2
26,1401,2557,1,15,11,3,0,0,0
10,105,3848,2,15,3,5,0,1,2
6,1108,3176,2,25,7,8,0,1,1
11,660,4317,2,15,16,5,0,0,1
26,39,9133,1,30,34,3,0,0,1
21,363,7868,3,10,11,10,0,0,1
21,9,12328,3,20,11,6,0,1,2
26,36,11590,1,0,4,3,0,0,0
17,566,9549,2,15,13,6,0,0,1
26,1132,3071,2,5,8,8,0,0,0
7,1328,11161,2,0,9,5,0,1,1
27,181,3180,1,5,8,3,1,0,2
17,367,5884,2,80,9,7,0,1,2
6,1041,5880,2,40,10,5,1,1,1
24,927,6996,3,40,7,6,0,1,1
1,14,2768,2,35,9,4,0,1,0
3,1006,8560,2,5,7,5,0,0,2
6,1384,2064,1,10,8,2,0,1,1
3,1229,3226,3,30,6,9,1,0,2
13,18,11752,2,5,5,5,0,1,1
7,84,3255,2,25,6,4,0,1,1
7,157,5181,2,15,4,5,0,1,1
8,1414,11286,2,25,8,4,0,1,1
9,445,10728,2,0,6,5,0,1,2
25,513,4791,1,10,9,2,0,1,1
4,972,6999,2,15,5,6,0,1,1
26,358,1406,2,20,11,6,0,1,1
17,1183,3022,2,10,5,5,1,1,2
8,638,10781,2,0,5,4,0,1,1
26,1085,4428,2,5,5,4,0,1,2
8,600,3238,2,15,9,8,0,1,2
17,1149,4221,3,30,5,7,0,1,2
27,181,5637,1,20,5,3,1,0,2
1,679,7499,2,40,12,5,0,1,1
10,90,3395,3,40,2,6,0,1,2
26,1377,1607,1,5,1,2,0,0,0
9,568,691,2,15,6,5,0,1,2
13,553,11598,1,25,6,3,0,1,1
9,445,921,1,5,12,3,0,0,1
9,210,1198,1,15,9,3,0,0,0
7,258,12275,3,0,10,10,0,0,0
18,134,615,2,5,9,5,0,1,2
7,728,9509,2,25,5,4,0,1,1
6,845,9204,4,5,20,13,0,0,0
21,645,4158,3,30,8,7,0,1,1
30,73,11442,2,15,15,6,0,0,0
25,745,6957,2,25,12,7,0,1,1
4,1235,3398,3,0,16,7,0,1,1
4,616,1387,3,15,7,7,0,1,2
7,749,8877,2,5,7,5,0,1,1
10,83,8243,2,15,9,7,0,1,1
26,1110,3729,2,5,6,7,0,1,1
15,535,9936,2,20,8,4,0,1,1
21,477,4348,3,190,6,7,0,1,2
4,741,6450,3,10,8,8,0,1,1
30,795,10218,2,25,7,4,0,1,1
10,70,5834,2,10,4,4,0,1,1
17,409,3304,2,0,8,7,0,1,2
10,1397,3396,2,0,7,5,0,0,0
20,1021,5023,2,10,9,5,0,0,0
10,70,7648,2,0,4,5,0,1,1
8,1225,3947,2,20,10,5,0,1,1
20,1112,2492,2,10,6,3,0,0,1
7,545,11431,2,5,5,6,0,1,1
4,91,11889,1,5,4,2,0,1,2
27,1000,4802,3,30,7,7,1,1,1
6,931,8574,3,20,7,7,1,0,2
26,1001,171,1,0,12,3,0,0,0
25,745,9606,2,15,7,6,0,1,1
8,1221,3962,2,40,14,5,0,1,2
22,165,8603,2,10,5,4,0,1,0
20,1161,8896,2,20,5,5,0,1,1
27,216,7351,1,10,10,3,0,0,1
7,1166,8314,1,0,6,3,0,0,1
0,146,11169,2,10,4,4,0,1,1
27,533,5800,2,15,16,7,0,0,1
6,1241,7566,2,15,7,7,0,1,1
26,896,773,2,15,4,3,0,1,0
9,230,12430,1,10,5,3,0,0,1
27,548,4339,2,30,26,7,0,1,2
17,805,10132,2,15,7,4,0,1,2
27,269,5197,2,5,6,5,0,1,2
10,1127,10580,2,20,9,5,0,1,2
8,1009,5887,3,15,8,9,0,1,2
10,996,7719,3,25,11,6,0,1,2
17,596,11657,3,5,8,6,0,1,1
24,1388,9553,2,10,5,4,0,1,1
17,992,3999,2,20,7,6,0,1,2
6,671,10776,2,5,15,8,0,1,2
8,1414,12319,3,45,6,6,1,0,2
26,991,2757,2,15,5,5,0,1,1
6,898,5641,1,0,12,3,0,0,0
6,1289,5149,2,25,7,5,0,1,1
11,155,4247,2,15,6,8,0,1,1
16,89,3043,2,50,12,4,0,1,1
7,423,4879,2,10,4,5,0,1,1
10,1248,2932,2,45,6,4,0,1,1
10,562,7451,2,25,4,4,0,1,1
8,206,1107,2,20,11,8,0,1,2
8,206,1107,2,15,20,7,0,0,1
4,1276,2337,2,20,6,6,0,1,1
27,1155,1757,3,25,18,8,1,1,1
26,991,294,1,0,12,4,0,0,0
10,1407,11944,2,20,5,5,1,1,1
17,229,6715,2,35,3,5,0,1,2
6,818,122,2,50,8,6,1,1,1
27,1394,10867,3,30,10,8,0,1,2
8,1009,7961,3,15,10,9,0,1,2
17,596,6707,2,25,6,4,0,1,2
23,882,6247,1,25,7,2,0,1,1
10,405,7023,2,10,4,4,0,1,1
10,87,7511,2,20,5,7,0,1,1
10,1055,12193,2,10,9,4,0,1,1
21,694,4091,3,10,8,6,0,1,2
3,720,5019,2,35,11,5,1,0,2
14,1120,3789,3,995,12,5,0,1,1
17,1080,1606,2,5,6,4,0,1,2
8,900,2402,2,10,6,4,0,1,2
26,1132,3071,2,25,5,7,0,0,1
12,591,8345,2,20,6,4,0,1,0
24,1331,388,3,35,6,7,0,1,1
4,747,12186,2,20,6,6,0,1,1
7,157,1548,3,15,12,10,0,0,1
23,312,11298,2,40,7,4,1,1,1
17,930,2687,3,20,6,6,0,1,2
25,745,3003,1,10,8,3,0,0,0
25,843,7859,2,10,9,6,0,1,1
18,371,11761,1,0,6,5,0,0,2
17,263,5214,2,25,5,4,0,1,2
21,645,4182,3,15,8,7,0,1,1
26,39,2005,1,10,31,4,0,0,1
8,1049,7782,2,15,14,5,0,1,2
4,1276,6739,2,0,7,7,0,1,1
6,1287,9855,3,30,9,6,0,1,2
10,804,11371,2,5,6,5,0,1,2
20,1378,8,2,20,8,4,0,1,1
8,1184,10035,2,5,14,6,0,1,2
7,255,11900,2,15,8,4,0,1,2
10,1382,1903,2,30,7,5,1,0,1
6,1168,2858,2,15,8,6,0,1,1
1,16,7720,2,25,6,4,0,1,1
17,399,984,3,40,6,7,0,1,2
20,953,9111,1,0,19,3,0,0,0
6,48,959,2,5,8,5,0,1,1
21,873,3903,2,5,3,5,0,1,1
6,994,7166,2,15,6,5,0,1,1
6,845,7126,2,15,6,5,0,1,2
16,1056,12356,1,0,15,3,0,1,2
6,1253,5667,4,105,11,9,0,0,1
6,193,78,3,15,9,6,0,1,1
26,896,12492,2,0,9,6,0,1,1
21,645,8096,2,5,6,5,0,1,2
26,1001,12258,2,5,5,5,0,0,1
21,313,10014,3,5,6,5,0,1,2
13,730,11068,2,35,13,5,0,1,0
10,142,4273,2,5,5,6,0,1,1
22,1320,11775,1,10,3,3,0,1,1
17,967,3474,2,0,6,5,0,1,1
14,950,12488,3,30,14,9,0,1,1
13,223,1178,2,15,9,6,0,1,2
3,1229,11320,3,15,14,10,1,0,1
3,720,3629,2,40,13,5,1,0,2
27,1394,7659,2,0,12,6,0,0,0
26,753,2024,1,10,6,4,0,1,0
20,517,6489,2,15,8,8,0,1,1
18,751,11557,3,25,8,6,0,1,1
26,991,2170,2,5,5,6,0,0,0
8,613,2667,3,15,15,7,0,1,1
20,953,9111,2,0,7,4,0,0,1
1,583,6571,3,5,8,5,0,1,2
8,678,10837,3,20,8,8,0,1,1
5,576,188,2,30,8,5,0,1,1
27,548,4339,2,35,4,4,0,1,2
4,972,9555,2,5,5,4,0,1,2
26,1401,4970,1,15,6,3,0,0,2
7,746,5011,1,5,7,4,0,1,2
20,342,9036,2,10,8,4,0,1,2
7,544,142,2,10,8,5,0,1,2
20,270,6121,2,0,7,4,0,0,2
6,452,4034,2,70,9,5,0,1,1
7,641,8847,2,20,5,5,0,1,2
20,1021,5023,2,10,9,5,0,0,1
8,640,7843,3,50,6,8,0,1,1
21,701,849,3,0,9,7,0,1,2
4,616,10328,2,15,8,4,0,1,2
13,1142,9448,2,0,11,6,0,1,1
15,316,17,3,35,12,6,0,1,1
20,215,4968,2,0,6,5,0,0,0
10,405,10970,1,5,2,2,0,0,0
21,9,2257,3,15,5,7,0,1,2
5,1079,4763,1,20,10,3,0,1,1
4,369,911,1,0,3,2,0,0,0
8,463,6973,1,5,10,3,0,0,0
6,673,10576,3,20,8,8,0,1,1
5,338,3372,2,15,10,5,0,1,1
6,1181,7711,2,5,8,5,0,0,0
21,107,11846,2,15,4,5,0,1,1
9,1151,3075,1,10,5,2,0,1,1
18,677,214,1,0,6,3,0,0,0
16,244,2236,2,20,8,5,1,0,2
7,555,2763,2,10,7,4,0,1,1
10,310,3637,2,100,4,4,0,1,1
6,376,3292,1,25,6,2,1,1,1
4,40,8377,2,0,3,4,0,1,1
20,1161,1436,2,30,6,5,0,1,1
27,181,2608,6,80,7,12,1,0,1
4,72,5340,2,5,8,7,0,1,1
22,1101,865,2,5,5,6,0,1,1
21,1128,11089,2,25,6,5,0,1,2
10,1407,11944,2,20,6,5,1,1,1
6,673,6023,4,0,10,10,0,0,0
26,39,633,1,10,25,3,0,0,0
13,918,6213,2,10,7,4,0,1,0
26,39,11440,1,0,15,3,0,0,0
30,1111,9926,2,10,9,5,0,1,1
17,247,3997,1,20,8,2,0,0,2
26,1001,6040,2,5,9,4,0,0,1
26,896,6053,2,0,8,6,0,0,0
3,1006,4119,3,35,11,8,0,1,1
21,645,7412,3,20,8,7,0,1,1
0,793,104,2,30,9,7,0,1,1
22,22,2467,2,25,7,5,0,1,2
27,1106,4888,2,20,25,5,0,1,2
17,1198,2398,3,55,7,6,0,1,2
4,1202,2074,2,20,5,4,0,1,1
7,1421,1013,2,35,14,4,0,1,2
11,660,2390,2,45,11,7,1,0,2
21,839,582,3,5,9,6,0,1,2
3,1387,8023,4,70,7,8,0,0,1
4,741,6450,3,5,8,8,0,1,1
17,1047,822,2,0,9,5,0,1,2
27,390,24,2,20,5,5,0,0,1
7,157,9272,1,15,5,3,0,1,1
6,141,1904,2,30,8,6,0,1,1
16,1410,5013,2,15,7,6,0,1,1
10,76,1841,2,20,11,6,0,1,1
9,445,5974,2,20,4,5,0,1,1
27,533,6783,2,25,11,5,1,0,2
26,1001,6626,1,10,5,6,0,0,1
7,838,11168,2,0,10,4,0,1,2
20,254,10151,1,5,9,3,0,0,1
3,1387,2486,5,90,9,16,1,0,1
0,1333,2671,2,15,5,5,0,1,0
20,1217,3908,2,15,4,5,0,1,2
10,1074,8048,3,30,5,6,0,1,2
15,620,1559,1,35,4,3,0,1,2
26,432,10811,2,25,11,7,0,1,1
1,1358,4285,2,20,8,5,1,1,2
5,365,10108,2,15,8,6,0,1,1
7,904,6928,2,20,1,5,0,1,1
10,661,10803,2,0,10,4,0,0,2
30,266,1909,1,50,7,2,0,1,1
17,303,3285,3,30,10,6,0,1,2
25,843,11372,2,25,7,4,0,1,1
7,545,3508,2,25,7,6,0,1,1
25,513,4791,1,15,5,2,0,1,1
20,11,4744,2,25,6,5,0,1,1
8,678,7474,2,15,3,6,0,1,2
21,408,10610,2,50,4,7,0,1,2
10,1055,11945,2,0,5,6,0,1,0
20,215,4968,1,5,3,3,0,0,1
8,463,8236,2,5,16,6,0,0,0
6,376,10236,1,15,8,3,0,0,1
21,1128,11089,2,10,4,4,0,1,2
14,5,4937,2,15,8,5,0,1,1
6,1060,8148,1,5,6,2,0,1,2
14,1116,4734,2,10,5,5,0,1,2
10,90,3395,3,15,2,6,0,1,2
17,992,1083,1,15,6,4,0,1,1
6,1210,11979,2,20,7,7,0,1,1
22,1398,3765,2,15,5,5,0,1,0
21,581,8549,2,25,6,4,0,1,1
20,190,4550,2,25,6,6,0,0,1
20,342,9036,2,0,6,5,0,1,1
6,673,3679,3,15,7,7,0,0,1
13,778,9086,2,10,11,5,0,1,2
13,918,6213,2,20,9,5,0,1,1
27,422,4747,3,5,6,8,1,0,2
6,376,11743,2,40,11,5,1,1,2
13,1211,8802,2,5,13,4,0,1,1
10,138,11100,2,5,5,5,0,1,2
26,1377,6207,1,0,8,5,0,0,1
20,254,380,2,20,3,5,0,0,1
8,95,3112,2,0,5,4,0,1,2
8,626,9901,2,0,5,4,0,1,1
17,421,4900,1,20,4,5,0,1,2
8,268,5059,2,15,5,4,0,1,1
26,39,11246,2,25,6,6,0,1,2
11,765,3888,3,35,14,9,0,0,2
11,131,6245,2,45,9,5,1,0,1
26,36,7472,1,0,6,4,0,0,1
11,938,1459,2,70,5,7,0,1,1
4,1276,3388,2,25,6,5,0,1,1
26,762,10530,2,20,7,5,0,1,1
8,1020,11195,2,50,8,4,0,1,2
26,264,1846,2,0,6,5,0,0,1
10,1074,1601,1,60,7,3,0,1,2
17,229,6715,2,20,11,4,0,1,2
8,1221,480,2,0,10,6,0,1,2
7,545,9046,2,35,6,4,0,1,1
0,757,4055,2,15,12,5,0,1,1
10,417,9412,2,20,6,5,0,1,1
16,177,4571,2,5,7,6,0,1,1
10,83,205,2,15,6,5,0,1,1
17,80,8005,3,10,6,6,0,1,1
25,167,10433,2,45,10,6,0,1,1
26,39,9133,2,10,10,6,0,0,0
13,1035,5269,2,70,10,5,0,1,1
30,710,1448,3,25,10,8,0,1,1
7,430,1493,3,45,12,8,0,1,2
7,423,1926,2,30,5,5,0,1,2
8,659,119,3,30,5,7,0,1,2
4,598,10055,2,0,8,4,0,1,1
4,328,8519,2,15,2,3,0,1,1
26,886,9266,1,0,6,2,0,0,0
21,645,8948,3,35,7,7,0,1,1
20,508,10459,2,10,8,5,0,1,0
16,547,5316,2,20,10,5,0,1,2
18,639,3504,2,0,7,5,0,0,2
11,647,5306,2,10,10,6,0,1,2
11,521,4625,2,20,8,8,0,1,1
21,956,8472,3,60,13,8,0,1,1
20,173,5183,1,0,4,4,0,0,1
6,1287,10834,3,5,8,6,0,1,1
7,544,11642,2,10,7,5,0,1,1
26,991,3006,2,5,7,5,0,1,0
21,819,4210,2,15,5,5,0,1,2
6,48,6988,2,25,7,5,0,1,1
17,80,11299,2,5,8,4,0,1,2
9,1298,4105,2,30,6,4,0,1,1
10,151,1244,3,0,6,8,0,1,2
27,1106,5492,3,5,6,7,1,0,1
6,384,8361,2,80,12,7,1,0,1
22,1152,1546,2,5,7,5,0,1,1
7,617,10187,2,40,10,5,0,1,2
0,757,7219,2,35,8,5,0,1,1
10,1278,6708,3,35,8,7,0,1,2
2,966,6512,3,30,20,6,0,1,0
20,158,2452,1,0,16,6,0,0,1
10,417,634,2,20,6,7,0,1,2
6,464,2807,2,10,4,5,0,1,1
1,583,524,2,25,6,5,0,1,1
22,1152,3526,2,30,7,5,0,1,1
7,904,12194,2,35,7,6,0,1,2
30,468,2626,2,20,12,5,0,1,1
27,390,10915,3,50,18,8,1,1,1
6,54,11486,1,15,3,4,0,1,1
7,555,2763,2,0,7,4,0,1,1
17,869,9068,2,40,8,5,1,1,1
16,479,1427,3,20,6,6,0,1,1
7,728,4424,2,15,11,5,0,0,1
26,110,3985,2,5,9,7,0,1,1
6,852,5280,3,15,8,7,0,1,2
7,157,1763,2,50,11,7,0,0,1
4,556,3157,2,15,6,5,0,1,1
6,376,5049,2,15,8,6,1,1,2
4,91,5139,1,5,3,3,0,1,1
9,546,11201,2,20,13,6,0,0,1
11,164,7057,2,25,5,5,1,0,1
25,889,7922,2,25,8,6,0,0,1
10,151,1357,3,0,6,7,0,1,1
17,980,3546,2,25,5,5,0,1,2
4,598,8152,2,15,10,5,0,1,1
27,390,600,4,90,6,10,1,0,2
21,363,9414,3,20,8,9,0,1,1
25,920,12191,2,25,6,5,0,1,1
10,1397,3786,3,0,9,10,0,0,1
20,1234,2790,1,45,3,2,0,1,1
4,571,7688,2,25,8,4,0,1,1
13,846,6387,2,30,7,10,0,1,0
10,87,2755,2,20,6,5,0,1,2
27,390,9720,4,100,5,8,1,0,1
5,1418,11670,1,20,8,3,1,0,0
17,303,2082,2,20,7,5,0,1,2
6,704,6176,1,40,1,4,0,1,1
4,891,11782,3,15,6,7,0,0,1
26,886,6562,2,40,9,4,0,0,0
27,548,7676,1,45,6,5,1,1,1
6,1253,4063,3,5,11,9,0,0,1
17,1381,12281,2,15,9,5,0,1,2
21,1419,7817,2,60,8,6,0,1,1
13,1362,1828,3,10,9,6,0,1,1
26,1401,1938,2,20,10,4,0,1,1
17,1080,9219,2,30,8,4,0,1,2
8,678,816,3,30,8,8,0,1,2
20,236,141,2,15,5,7,0,1,1
17,409,8987,2,0,7,7,0,1,2
8,495,5936,2,20,6,7,0,1,2
16,547,10804,2,35,14,6,0,1,2
20,173,3258,2,0,7,4,1,0,0
4,598,8152,2,10,8,5,0,1,1
17,680,3222,2,5,5,5,0,1,2
20,215,4968,2,10,6,5,0,0,1
10,1174,11024,2,15,4,5,0,1,2
7,555,11805,2,20,9,4,0,1,1
8,678,3362,2,20,11,6,0,1,2
6,673,1677,3,100,10,6,1,0,1
10,1278,11549,2,0,8,5,0,1,1
6,1170,11850,2,10,8,6,0,1,1
21,363,7868,1,35,5,3,0,1,2
7,617,7123,2,0,10,5,0,1,2
10,1174,7987,2,10,5,5,0,1,2
21,1426,2464,3,20,6,6,0,1,2
4,148,5076,2,30,7,5,0,1,1
3,574,8555,3,20,4,6,0,1,1
8,145,2377,3,10,5,8,0,1,2
4,571,7796,2,10,7,5,0,1,2
8,501,9709,2,15,8,5,0,1,2
11,765,8332,2,40,11,7,1,1,2
0,357,1151,2,40,5,5,0,1,1
22,478,168,2,0,6,5,0,1,1
10,1382,11935,2,15,9,5,0,1,1
3,1006,7021,3,35,9,7,1,0,2
6,931,4371,2,100,7,6,0,1,2
22,1152,11726,2,5,8,5,0,1,1
11,883,4547,4,45,7,10,0,0,1
21,956,8472,2,0,5,5,0,1,2
8,1414,11124,3,55,6,5,0,1,1
8,1225,6276,2,15,5,5,0,1,2
16,1410,390,2,15,9,5,0,1,1
11,660,2390,2,25,12,7,1,0,1
13,846,6387,2,50,6,5,0,1,1
0,793,4288,2,25,20,6,0,0,1
26,1085,2053,2,35,5,6,0,1,1
26,74,10214,2,50,15,5,0,1,1
5,226,8274,2,15,5,4,0,1,1
0,1274,2521,1,0,5,3,0,1,1
4,55,1996,2,50,8,5,0,1,2
8,66,4635,3,30,11,7,0,1,1
13,257,1700,1,25,6,2,0,1,0
20,1402,3794,2,5,9,5,0,1,1
6,376,10236,2,0,13,6,0,0,0
7,749,8277,2,35,7,5,0,1,2
7,1188,4058,2,0,11,5,0,1,1
8,463,5638,3,45,17,10,0,0,1
27,548,10720,3,10,7,5,0,1,1
17,1357,3408,2,25,8,5,0,1,2
21,1128,8979,2,20,5,4,0,1,2
20,1402,1708,2,10,6,5,0,1,1
26,762,9130,3,15,19,9,0,1,1
17,1005,12092,2,40,7,4,0,1,2
7,709,4462,2,75,3,5,0,1,1
21,1093,6438,3,15,7,6,0,1,1
12,93,9745,1,15,5,4,0,1,1
16,959,1518,2,5,4,5,0,1,1
26,39,1851,2,995,27,6,0,0,0
8,217,12361,3,20,5,8,0,1,1
6,376,5049,2,15,19,9,0,0,0
9,210,9132,1,5,6,2,1,1,2
17,1381,11475,3,10,7,6,0,1,2
17,51,10257,3,80,8,7,0,1,2
4,734,265,2,80,6,5,0,1,2
17,856,5891,2,10,9,4,0,1,2
6,673,2685,3,40,6,5,1,1,1
11,883,2822,4,80,9,8,0,0,1
4,747,3476,2,10,11,5,0,1,0
6,537,10217,2,30,13,6,0,1,1
26,991,2170,2,15,5,6,0,0,2
26,1023,10220,1,10,8,4,0,0,0
20,863,4807,2,20,9,7,0,0,1
17,1357,3408,2,60,8,5,0,1,1
11,131,11392,2,70,9,4,0,1,2
27,1394,7659,1,15,13,3,0,0,1
12,204,6119,1,25,6,3,0,1,1
20,368,5980,2,45,6,5,0,1,1
10,735,9632,2,20,5,4,0,1,1
20,517,887,2,50,9,7,0,1,1
6,1253,8759,4,85,6,8,0,0,2
10,1278,4825,2,40,4,5,0,1,1
17,680,273,2,10,11,5,0,1,2
20,1209,7053,2,15,8,5,0,1,1
27,1106,4888,2,85,12,4,1,0,2
27,1155,1757,2,30,8,6,1,1,1
4,219,811,3,15,10,5,0,1,1
9,713,12239,2,5,10,5,0,0,0
6,855,2519,2,15,8,8,0,1,2
17,944,8232,2,5,5,4,0,1,2
26,36,8124,1,10,6,4,0,0,0
26,1132,3071,1,0,4,3,0,0,0
0,757,8872,1,20,7,3,0,1,1
8,1343,617,2,0,10,8,0,1,1
4,689,11314,2,25,7,5,0,1,1
4,219,12132,2,15,8,4,0,1,1
6,37,677,2,15,6,5,0,1,1
17,421,10164,3,40,8,6,0,1,2
25,1044,8132,2,35,5,5,0,1,1
17,648,7840,2,5,10,5,0,1,2
4,1282,3484,3,35,6,7,0,1,1
10,1397,1591,1,15,5,3,0,1,2
11,883,10852,4,90,11,8,0,0,1
20,254,10698,2,10,16,6,0,0,1
9,230,8178,1,0,8,3,0,0,1
20,158,12327,2,10,14,4,0,0,1
6,1041,10563,2,10,1,5,0,1,2
7,728,4424,1,0,5,3,0,0,1
27,1155,5077,2,25,5,6,0,1,2
26,740,7163,2,30,5,7,0,1,1
7,936,7115,1,0,7,3,0,1,1
17,1313,1349,2,25,9,5,0,1,2
20,953,9111,2,15,6,4,0,0,1
6,1255,3105,2,5,8,8,0,1,1
10,142,5123,2,25,4,7,1,1,2
11,147,9813,1,5,17,3,0,0,0
20,251,11732,2,0,8,8,0,0,1
10,661,9789,2,25,9,4,0,1,2
7,1166,406,1,5,12,3,1,0,1
13,257,8352,2,35,3,6,1,0,1
7,157,10036,2,45,4,5,0,1,1
26,240,9611,2,25,7,5,0,1,1
6,460,4062,2,0,12,8,0,0,1
6,1181,7246,2,70,7,8,0,1,1
4,519,10400,2,55,11,5,0,1,2
8,696,5091,2,15,8,6,0,1,1
22,1152,102,2,10,7,5,0,1,1
10,70,2374,2,0,7,5,0,1,0
20,158,621,2,5,9,5,0,0,1
20,136,9700,2,20,10,6,0,0,1
27,269,6906,2,35,15,5,0,0,1
26,491,2258,2,15,7,5,0,1,1
21,363,2767,3,60,3,12,0,1,2
3,720,4522,3,80,7,8,1,0,1
7,728,11738,3,20,4,6,0,1,1
8,613,10491,3,15,10,7,0,1,1
17,1119,12390,2,15,6,5,0,1,2
1,228,7984,3,35,8,8,1,1,1
22,835,7853,2,10,4,4,0,1,1
6,487,12198,2,15,3,5,0,1,2
26,39,11440,1,5,23,3,0,0,0
20,492,6103,3,0,6,6,0,0,1
20,251,1863,2,10,5,6,0,1,0
11,126,9338,2,10,7,4,0,1,2
26,432,10609,2,25,9,5,0,1,2
3,1006,6577,2,30,8,5,1,0,2
26,435,6057,1,5,6,4,0,0,1
18,371,5198,2,25,4,7,0,0,2
0,1302,10049,3,20,15,8,0,1,2
3,1006,8560,3,30,9,7,1,0,2
11,660,4377,4,55,5,10,0,0,1
8,98,1056,2,20,8,6,0,1,2
8,1415,7095,2,5,6,5,0,1,2
17,233,7972,3,30,5,6,0,1,2
7,1166,6034,2,5,7,5,0,1,1
22,378,50,2,15,6,4,0,1,1
27,181,4369,3,50,7,6,0,0,2
8,827,9071,3,5,8,9,0,1,1
27,422,11088,2,30,6,4,1,0,2
7,1040,11776,2,10,9,4,0,1,1
8,900,1593,3,20,10,8,0,1,1
3,720,4522,2,25,10,7,1,0,1
10,76,5289,2,30,4,3,0,1,1
11,1374,7990,3,25,13,7,0,1,2
6,104,11366,2,10,11,5,0,1,2
28,687,1762,2,20,5,5,0,1,1
20,158,2452,1,0,5,3,0,0,0
9,772,2530,2,10,5,5,0,1,1
13,1141,10515,3,45,11,7,0,1,1
10,575,9998,2,5,31,7,0,1,1
15,579,5978,2,45,8,6,0,1,1
26,39,11440,2,0,13,7,0,0,0
8,1403,2038,2,30,7,6,0,1,1
7,964,5907,2,30,6,4,0,1,1
17,446,11687,2,10,3,5,0,1,2
17,856,11481,2,20,8,5,0,1,2
21,363,9414,3,30,8,8,0,1,2
20,1138,3963,2,10,8,4,0,1,1
17,414,9782,1,15,10,5,0,1,2
11,1416,12311,2,40,21,7,0,1,1
18,751,11557,1,5,8,3,0,1,0
22,355,5234,1,0,7,3,0,1,0
30,710,7455,2,10,14,6,0,1,1
13,1258,6947,2,45,8,5,0,1,1
4,388,2826,3,10,8,6,0,1,2
8,463,8236,2,25,5,6,0,1,2
4,821,10586,2,10,5,2,0,1,1
11,765,5373,2,5,19,7,0,0,0
4,512,9988,2,0,4,5,0,1,2
9,210,5841,1,15,10,3,0,0,1
17,306,3342,1,10,6,2,0,1,2
7,49,5993,2,20,13,8,0,1,2
21,1406,10862,3,80,5,5,0,1,2
11,883,3074,4,85,9,11,1,0,1
1,1122,5631,2,15,4,5,0,1,1
22,171,4266,2,15,9,5,0,1,2
17,303,9453,2,5,4,4,0,1,1
15,1299,11248,2,20,5,4,0,1,1
6,1350,1299,3,25,9,6,0,1,1
26,1216,8643,2,80,8,4,0,1,1
26,36,6436,1,0,3,3,0,0,2
26,432,12443,1,35,5,4,0,1,1
10,356,6217,3,20,6,5,0,1,1
12,331,6923,2,20,6,4,0,1,2
14,1395,8422,1,20,8,3,0,1,1
6,855,2426,2,40,8,7,0,1,1
11,765,8332,3,15,10,8,0,1,1
13,783,1016,3,0,7,6,0,1,1
8,395,2635,3,25,10,7,0,1,2
7,641,2069,2,30,7,4,0,1,1
7,895,440,2,30,11,5,0,1,2
26,39,1851,1,10,31,4,0,0,1
27,181,4733,2,15,15,6,0,0,0
26,886,9779,2,20,4,5,0,0,1
25,745,3003,1,15,4,2,0,1,1
21,581,11127,3,0,9,7,0,1,2
27,1106,6874,3,20,13,9,1,0,2
13,557,4050,2,20,5,7,0,1,0
17,198,2075,2,15,4,7,0,1,2
7,964,11316,2,25,5,5,0,1,1
22,165,10190,2,45,7,4,0,1,0
7,1273,2649,1,15,2,2,0,1,1
11,660,9780,1,10,8,3,1,0,1
11,938,1459,3,20,10,10,1,1,1
26,432,7837,3,15,9,5,0,1,0
26,36,8124,2,15,6,5,0,0,0
17,566,7914,3,15,6,7,0,1,2
27,181,1722,4,100,11,10,0,0,2
8,463,6973,2,25,7,5,1,0,1
6,1253,4063,2,5,16,5,0,0,0
11,883,9474,4,85,4,10,1,0,1
4,1342,5825,2,0,6,5,0,1,1
6,275,6876,2,15,6,6,1,0,1
6,104,4521,2,10,6,6,0,1,1
3,175,5357,4,80,10,9,1,1,1
4,144,2765,2,10,8,4,0,1,1
17,715,2060,3,5,8,7,0,1,2
20,517,887,2,0,4,6,0,1,0
26,435,3812,2,25,8,6,0,1,1
18,1317,11887,1,20,12,3,0,1,2
10,310,11030,1,0,12,3,0,0,1
20,251,1863,2,10,4,5,0,1,2
26,919,9760,3,25,21,8,0,1,1
9,670,7949,2,20,7,4,0,1,1
10,603,3777,2,15,5,4,0,1,1
21,471,7200,3,25,6,6,0,1,1
6,933,7282,2,10,9,5,0,1,1
13,503,2580,2,25,5,5,0,1,1
8,374,4551,2,35,5,5,0,1,2
10,1174,9536,2,15,20,5,0,1,2
8,1008,11209,2,10,10,4,0,1,1
8,1414,6594,2,5,5,5,0,1,1
16,1399,580,2,5,8,5,0,1,1
14,429,10145,2,5,5,5,0,1,0
8,178,8196,3,30,5,6,0,1,1
15,602,6803,2,20,5,5,0,1,2
13,778,7921,2,0,9,5,0,1,2
17,648,5029,1,10,8,4,0,1,2
10,151,7723,2,10,20,6,0,0,0
26,264,3463,1,5,11,3,0,0,0
13,199,1022,1,40,6,2,0,1,0
3,1006,8077,3,70,11,6,1,0,1
22,117,4580,1,10,5,3,0,1,1
11,660,12077,3,25,11,10,0,0,1
27,181,5254,5,100,8,10,0,0,1
10,1278,10688,2,20,9,5,0,1,1
27,181,3368,5,100,7,13,0,0,1
7,936,10398,2,5,4,5,0,1,1
25,50,1097,2,120,7,5,0,1,1
7,746,10920,2,25,11,5,0,1,1
7,108,7942,2,35,10,7,0,1,1
20,492,5274,2,10,8,5,0,1,1
3,1387,2486,5,25,3,10,0,0,1
12,68,6758,3,20,8,5,0,1,2
13,20,11542,2,15,10,4,0,1,1
17,229,9770,2,5,10,6,0,1,2
26,39,11440,1,20,7,3,0,0,0
20,1217,9581,1,0,6,3,0,1,0
6,376,1025,2,15,9,5,0,1,1
27,1394,7659,3,30,12,7,1,0,1
25,889,446,2,5,5,5,0,1,1
6,1041,6224,2,10,11,6,0,1,2
21,941,61,2,5,6,5,0,1,2
9,568,2796,2,5,8,5,0,1,2
25,745,8909,2,40,6,5,1,1,1
20,1161,10846,4,70,9,10,0,1,1
7,555,11805,2,10,7,4,0,1,1
26,39,9133,1,20,10,2,0,0,1
17,944,483,3,25,10,6,0,1,2
26,1401,11213,1,5,13,4,0,0,1
16,837,6953,2,0,7,6,0,1,1
6,1253,20,4,10,8,12,0,0,1
27,1000,1730,3,25,10,8,1,1,2
20,11,4744,3,50,3,5,0,1,1
8,597,11842,3,25,5,6,0,1,1
8,440,4926,2,15,6,6,0,1,2
21,819,11814,3,20,7,7,0,1,2
0,1347,10357,2,10,5,5,0,1,1
26,366,4785,3,65,6,5,1,1,1
4,707,2875,1,10,5,3,0,1,1
3,1229,1072,3,25,15,6,0,0,1
26,110,3299,2,15,17,7,0,1,1
17,247,3997,4,20,10,9,0,0,2
9,210,5841,1,0,7,3,0,0,0
26,1050,11056,3,10,22,9,0,0,1
13,523,3703,2,15,7,5,0,1,1
4,1389,2013,3,45,13,6,0,1,2
6,453,3656,2,0,9,5,0,1,2
21,9,9101,2,5,13,5,0,0,1
25,1335,1894,1,5,6,3,0,1,1
8,463,2386,2,20,5,4,0,1,2
8,827,8382,3,35,7,7,0,1,2
17,1196,2198,3,50,7,6,0,1,2
5,940,11274,2,45,13,7,0,1,1
10,1227,11029,2,60,8,6,0,1,2
22,649,4212,3,15,11,10,1,0,1
27,216,3014,3,25,13,6,1,0,2
7,430,1493,2,30,11,5,0,1,2
8,440,12299,2,20,14,5,0,1,1
6,1082,8771,3,70,8,8,0,1,1
27,269,9148,3,40,12,8,0,1,1
10,1127,10580,3,5,8,8,0,1,2
21,477,11550,3,70,6,6,0,1,2
8,178,5506,2,15,6,4,0,1,2
26,919,9760,2,15,7,6,0,1,1
17,582,3417,3,20,11,6,0,1,2
26,39,1851,1,5,17,3,0,0,1
16,350,4129,2,30,10,5,0,1,1
0,536,7600,2,5,12,5,0,1,1
22,763,640,1,10,4,2,0,1,1
12,573,11325,2,10,6,4,0,1,1
13,199,12476,2,5,9,4,0,1,0
6,855,11446,2,30,7,7,0,1,2
4,1218,10531,2,10,6,5,0,1,1
3,1387,3795,3,30,7,6,0,0,1
10,1203,8172,2,25,5,4,0,1,1
17,1045,7333,2,40,6,5,0,1,2
20,254,10151,2,15,5,5,0,0,1
7,749,11871,2,10,6,5,0,1,1
7,790,8534,3,45,8,9,0,1,1
17,658,9797,3,20,3,6,0,1,2
13,57,5601,2,5,7,5,0,1,0
7,108,2895,1,0,2,2,0,1,2
22,22,5756,2,35,12,5,0,1,1
8,613,8037,3,35,17,7,0,1,2
20,517,6489,2,5,8,6,0,1,1
10,1382,5036,2,15,5,5,0,1,2
25,50,3984,2,50,10,5,0,1,1
21,9,12328,3,25,9,6,0,1,2
26,886,6562,2,5,10,4,0,0,0
22,119,6630,1,25,5,3,0,1,1
27,1000,1730,1,25,8,3,1,0,2
1,122,7764,3,20,32,7,0,1,1
13,531,7975,2,0,8,5,0,1,1
11,1416,2350,2,15,11,6,0,1,1
24,628,143,3,10,5,5,1,0,1
7,27,5842,2,35,7,7,0,1,1
17,1080,1895,2,15,8,5,0,1,2
7,904,4730,1,5,3,2,0,0,2
26,74,12114,2,30,9,6,1,1,1
26,36,7472,1,0,11,5,0,0,0
27,548,4339,2,10,11,8,1,1,1
26,327,3946,2,20,3,4,0,1,1
6,724,10578,2,60,11,5,0,1,1
10,356,12286,2,45,8,5,0,1,1
10,127,11757,2,5,6,4,0,1,1
13,730,1465,2,0,13,4,0,0,0
5,1034,9837,2,10,2,4,0,1,1
4,689,11763,2,10,5,5,0,1,2
8,1373,8290,2,15,9,5,0,1,1
3,1006,2343,3,25,7,7,1,0,1
6,818,10038,1,0,13,3,0,0,0
6,464,9545,1,30,4,3,0,1,1
6,187,9769,3,25,7,5,0,1,1
7,333,2158,2,25,4,5,0,1,1
22,1136,8454,2,35,6,5,0,1,2
7,157,7679,2,15,16,5,0,1,1
6,1022,10689,2,60,9,6,0,1,1
17,414,2164,2,30,12,7,0,1,1
6,1384,145,2,0,9,5,0,1,1
21,111,8798,2,5,11,5,0,1,1
27,1000,4802,2,20,7,5,1,0,2
3,720,5019,3,30,8,7,1,0,1
6,673,6047,2,25,9,6,1,0,1
8,1073,738,2,10,7,5,0,1,1
7,157,5265,2,70,13,6,0,1,2
20,1243,4841,2,70,9,6,0,1,2
13,778,7446,2,10,9,4,0,1,1
10,804,3898,3,20,7,6,0,1,1
6,141,2617,2,10,8,6,0,1,1
27,269,9259,2,100,6,7,0,1,2
17,1279,9061,3,10,20,11,0,1,2
6,673,12181,3,20,15,11,0,0,0
28,687,4967,2,5,5,4,0,1,1
3,1387,4194,5,30,5,10,0,0,1
7,746,10603,2,5,6,5,0,1,1
4,605,11025,3,10,6,6,0,1,1
21,363,8973,3,20,13,8,0,1,2
9,546,9792,1,35,5,3,1,0,1
15,293,4823,2,5,4,4,0,1,1
17,566,2239,3,25,7,7,1,1,2
10,105,9366,2,15,4,6,0,1,2
4,910,9337,2,0,7,4,0,1,1
6,981,5187,2,10,10,7,0,1,1
7,901,11244,2,0,3,6,0,1,1
11,131,6245,3,40,8,7,1,0,2
21,819,1408,2,5,8,4,0,1,2
27,181,2608,5,100,3,10,0,0,1
18,1317,11887,3,10,6,9,0,1,2
4,821,2632,3,0,6,7,0,1,1
3,1229,7251,2,20,10,7,1,1,1
11,647,2249,3,20,9,7,0,1,2
27,533,6783,2,30,8,5,1,0,2
11,1104,8775,2,35,7,6,0,1,1
21,1406,10862,3,40,8,6,0,1,2
20,251,6833,1,5,6,3,0,0,1
8,178,33,2,70,12,4,0,1,1
7,545,10208,3,40,6,5,0,1,1
8,501,6132,3,40,9,7,0,1,2
24,563,12190,2,20,10,5,0,1,1
7,1306,4761,2,10,10,6,0,0,1
20,863,1172,2,5,8,6,0,0,1
16,959,1518,1,0,16,3,0,1,1
10,575,11644,2,30,10,7,0,1,1
7,859,9739,2,25,3,5,0,1,1
6,104,4521,2,10,7,6,0,1,2
17,233,9990,2,5,6,7,0,1,2
10,1127,5898,2,25,7,5,0,1,1
22,378,11662,2,25,11,4,0,1,2
6,1168,2858,2,80,6,4,0,1,1
25,211,8834,2,15,10,5,0,1,2
11,1194,10219,2,25,9,7,0,1,2
6,262,2092,3,60,10,6,0,1,1
20,481,11518,2,0,11,5,0,1,0
4,741,9858,3,0,9,8,0,1,1
4,1422,8344,2,80,9,5,0,1,1
10,151,7723,3,0,47,10,0,0,0
8,1415,3525,2,20,4,9,0,1,2
1,583,6571,1,5,8,2,0,1,1
11,1104,2305,2,30,6,6,0,1,1
13,221,2121,3,5,7,6,0,1,2
8,1225,3244,2,10,4,5,0,1,2
12,1148,6841,2,25,7,5,0,1,1
20,214,9496,2,20,4,7,0,1,1
26,886,11562,2,5,5,6,0,0,1
4,571,6102,2,10,8,5,0,1,1
27,533,1666,3,35,7,6,0,1,1
10,603,1672,2,0,12,4,0,1,1
13,480,12455,2,10,5,5,1,0,0
25,889,11109,2,5,4,4,0,1,1
8,1343,678,3,35,5,7,0,1,1
18,977,2847,2,25,7,5,0,1,2
4,40,3858,1,15,4,4,0,1,1
8,463,2917,4,10,8,9,1,0,1
13,373,8547,3,0,6,5,0,1,0
10,1182,7664,2,50,9,5,0,1,2
10,1074,2382,2,35,5,5,0,1,2
7,746,10920,2,15,11,6,0,1,1
4,219,7552,2,10,8,4,0,1,1
20,11,3986,2,0,6,6,0,1,1
26,36,7472,2,25,4,5,0,0,1
21,46,9456,2,0,17,3,0,1,1
0,757,8104,2,15,6,5,1,1,2
22,1320,2441,3,45,8,7,0,1,1
17,905,9500,2,40,9,6,0,1,2
26,39,2005,1,5,22,3,0,0,0
6,1041,10222,2,10,4,5,0,1,2
4,529,9361,2,15,6,4,0,1,2
4,369,6308,2,20,9,4,0,1,1
13,311,3370,2,20,6,5,0,1,1
10,996,7719,2,10,6,5,0,1,2
13,257,10430,2,5,2,5,1,0,1
27,1155,1941,1,5,13,3,0,1,2
8,463,6973,3,10,13,9,0,0,1
4,13,8566,3,20,6,5,0,1,1
8,276,2584,3,55,14,6,0,1,2
17,347,656,3,40,11,5,0,1,2
8,206,6064,2,30,6,5,0,1,2
26,1132,5570,2,0,6,5,0,0,0
1,1122,4778,2,5,3,5,0,1,2
10,1248,9935,2,10,6,4,0,1,2
13,606,1445,2,5,6,4,0,1,2
26,740,8047,2,20,5,6,0,1,1
3,574,1563,3,5,5,7,0,0,1
10,405,7023,1,5,4,2,0,1,1
7,430,9671,2,0,5,5,0,1,2
10,661,5931,2,0,14,4,0,1,2
27,548,4430,1,5,36,4,0,0,1
4,208,4334,2,5,8,7,0,1,1
17,805,4743,2,5,12,7,0,0,1
7,157,1320,1,30,10,2,0,0,1
23,928,11853,2,10,7,5,0,1,1
10,151,708,2,40,5,5,0,1,1
22,1152,102,2,10,10,6,0,1,1
27,269,9259,2,25,8,7,0,1,1
20,323,11048,1,5,15,3,0,0,0
12,667,9872,2,10,3,5,0,1,0
13,829,5582,2,30,7,6,0,1,1
3,1387,8564,5,5,15,15,0,0,0
21,9,1430,3,25,5,6,0,1,2
8,501,10089,3,20,8,10,0,1,2
17,1196,3283,1,5,18,2,0,1,2
12,204,9146,2,15,8,5,0,1,1
11,883,9474,4,80,2,9,1,0,1
7,728,11227,2,20,4,6,0,1,1
26,432,4435,2,45,6,4,0,1,1
6,376,12081,2,5,38,4,0,0,0
26,1259,3640,1,5,5,3,0,1,1
3,175,5068,1,30,6,2,1,0,2
5,1150,4909,3,15,7,5,0,1,1
17,399,4960,2,15,10,7,0,1,2
20,158,9229,3,0,18,10,0,0,0
22,1199,1105,1,45,2,3,0,1,2
27,1394,44,2,40,9,6,0,1,2
3,1387,11973,4,5,9,10,0,0,0
0,793,6958,3,40,10,7,0,1,1
17,984,11419,3,5,11,8,0,1,2
17,797,6150,3,0,8,7,0,1,1
6,1022,3927,1,15,7,3,0,1,1
27,181,2608,4,50,5,9,0,0,0
20,158,621,1,5,16,3,0,0,1
21,1062,1458,1,10,4,3,0,1,2
4,454,4242,2,30,7,5,0,1,1
3,175,7915,1,5,11,3,0,0,0
20,497,1885,2,5,5,5,0,1,1
6,487,7439,2,10,8,5,1,0,2
26,1110,10004,2,0,6,5,0,0,0
26,1132,5570,2,10,5,5,0,1,1
10,1007,5235,3,80,6,7,0,1,1
27,181,5254,4,95,8,8,1,0,2
4,454,5867,2,10,6,4,0,1,1
26,358,6526,2,25,8,7,0,1,1
23,848,10817,2,20,5,5,0,1,1
22,19,8912,2,5,9,5,0,0,1
4,972,1352,2,15,7,6,0,1,1
7,969,6036,2,10,18,7,0,1,1
4,72,4735,2,10,9,7,0,1,2
20,508,581,2,10,11,4,0,0,1
16,1014,11448,2,5,9,5,0,1,1
27,533,5800,2,25,19,7,1,0,2
6,487,7439,1,70,5,2,0,1,2
8,95,9528,3,20,7,7,0,1,2
12,284,12285,2,45,14,4,0,1,1
10,76,59,1,0,4,2,0,1,1
20,270,6121,2,20,7,7,0,0,1
21,30,6008,4,0,12,10,0,0,0
21,1062,223,2,15,6,5,0,1,2
4,1218,10531,2,0,6,5,0,1,1
11,938,473,2,0,9,5,1,0,1
21,1390,10875,3,10,7,6,0,1,2
26,39,9133,2,15,11,6,0,0,1
6,673,3679,2,5,14,6,0,0,1
8,41,5708,1,10,5,2,0,1,2
20,214,541,2,25,8,4,0,1,0
27,181,664,4,85,17,8,1,0,2
17,303,9453,2,10,3,4,0,1,2
22,1380,1502,2,15,9,4,0,1,1
20,158,1658,1,5,14,3,0,0,0
16,949,4545,2,40,7,4,0,1,1
7,52,1966,1,20,5,2,0,0,2
0,676,6532,2,15,4,5,0,1,0
10,87,4485,3,20,6,8,0,1,2
22,378,8100,2,40,5,4,0,1,1
17,343,4042,2,0,14,7,0,0,1
17,1030,606,2,15,5,5,0,1,2
20,826,5846,2,5,11,4,0,1,0
7,108,6466,2,25,4,6,0,1,1
20,1234,9623,2,20,9,2,0,1,1
21,107,11846,4,30,6,10,0,1,1
6,1108,5909,2,30,4,7,1,0,1
9,973,84,2,10,7,5,0,1,1
3,1387,6175,5,100,9,10,1,0,2
17,1080,4482,1,20,4,2,0,1,2
6,673,6023,2,20,19,5,0,0,1
3,574,8555,1,35,9,3,0,1,2
21,363,10839,2,25,6,5,0,1,1
27,533,10199,2,25,6,5,1,1,1
26,1132,9472,2,995,8,5,0,1,2
3,574,2913,2,30,9,5,1,0,1
7,901,5668,2,20,3,6,0,1,1
10,310,12240,3,30,7,6,0,1,2
7,1356,7989,2,5,10,5,0,1,1
6,1018,9758,2,0,19,5,0,1,1
6,187,4748,3,0,7,6,0,1,1
25,1065,5897,2,20,4,5,0,1,2
10,1182,605,2,55,9,5,0,1,2
30,506,1323,2,30,7,6,0,1,1
7,964,5907,1,0,10,2,0,1,1
26,203,8281,2,50,9,5,0,1,2
16,89,7153,2,10,13,6,0,1,1
8,501,8329,2,15,9,5,0,1,1
10,1250,8241,2,15,4,5,0,1,2
17,156,7629,2,10,7,5,0,1,2
6,1210,8330,2,30,5,6,0,1,2
20,943,5180,2,25,5,5,0,1,2
26,358,9434,2,0,5,5,0,1,0
21,1326,10844,2,5,7,4,0,1,2
21,1426,2464,3,0,6,6,0,1,2
21,941,61,2,10,4,5,0,1,2
20,953,1583,1,0,13,3,0,0,0
17,409,8987,2,15,12,7,0,1,2
10,1207,3095,2,20,5,5,0,1,2
14,420,7749,2,5,7,4,0,1,1
21,929,11198,3,30,5,6,0,1,2
26,39,9133,1,5,7,3,0,0,0
10,105,2639,2,10,8,4,0,1,2
17,834,9961,2,0,9,4,0,1,2
7,1068,1512,2,25,5,5,0,1,1
26,264,955,2,0,7,6,0,0,0
13,64,2232,2,5,5,3,0,1,0
7,157,9272,2,10,9,6,0,0,2
7,790,4405,2,20,10,4,0,1,1
9,445,3035,1,10,13,3,0,0,2
22,816,4740,3,0,12,10,0,0,0
4,1218,10025,3,20,4,6,0,1,1
21,1051,4116,2,10,7,5,0,1,2
11,586,1397,2,10,7,5,0,1,2
6,262,12508,2,30,6,4,1,1,2
16,352,4849,2,25,14,6,0,1,1
20,136,11552,2,5,3,7,0,0,0
11,850,718,1,35,6,2,0,1,2
11,945,5558,1,0,6,3,0,1,2
4,1202,11112,2,10,7,5,0,1,1
14,1120,4267,3,30,16,7,0,1,1
14,1116,10985,2,20,6,5,0,1,2
6,724,2865,3,35,11,8,0,1,1
4,1282,1724,2,0,3,6,0,1,2
17,1047,8981,2,20,8,5,0,1,2
4,910,7007,2,0,8,6,0,1,1
20,1021,2035,2,10,4,5,0,0,2
8,501,9709,2,30,6,5,0,1,2
6,625,7202,2,15,6,5,0,1,1
10,1127,5898,2,15,4,5,0,1,2
17,233,8031,3,20,3,6,0,1,2
6,830,1422,2,15,7,5,0,1,1
10,1203,7383,2,10,8,5,0,1,2
6,487,12198,2,80,6,5,0,1,2
21,1195,12248,3,5,7,5,1,1,1
7,157,11015,2,15,11,5,0,1,1
10,1007,6467,3,40,5,6,0,1,2
20,1190,7391,1,30,7,5,0,1,1
13,480,1917,2,30,13,5,1,0,0
7,108,2029,2,60,7,5,0,1,2
6,187,4685,2,15,6,6,0,1,1
8,1046,12251,2,10,3,5,0,1,0
4,1342,1541,1,20,4,3,0,1,2
17,1094,1439,2,10,7,5,0,1,2
13,257,10430,2,25,3,5,1,0,1
20,1217,4420,2,0,9,5,0,1,1
4,891,6110,3,50,4,7,0,1,1
7,630,8341,2,60,11,5,0,1,2
20,500,9647,2,15,10,8,0,1,1
8,558,9232,2,35,5,6,0,1,1
6,460,6253,4,35,7,9,0,0,1
21,111,11714,2,10,9,5,0,1,2
17,682,5067,3,45,3,6,0,1,2
26,435,10275,2,0,5,4,1,0,1
25,211,10587,1,30,5,3,0,1,1
10,356,8113,1,0,2,3,0,0,0
26,919,5387,3,15,6,5,0,1,1
11,945,5443,1,30,10,3,0,1,2
20,254,8540,2,15,10,7,0,0,1
22,171,9848,2,25,11,5,0,1,1
7,901,4726,2,0,6,4,0,1,0
25,725,10255,1,10,6,2,1,1,1
10,356,8113,2,20,6,5,0,1,0
13,503,9255,3,55,5,6,0,1,0
20,517,943,2,25,6,6,0,1,1
8,1054,9864,2,5,5,5,0,1,2
22,165,10190,2,70,5,4,0,1,1
26,1377,4144,2,0,7,5,0,0,1
8,463,8236,2,5,16,6,0,0,0
4,450,6718,3,15,7,7,0,1,1
26,1023,12350,2,20,8,4,0,1,1
10,1174,9536,1,5,7,4,0,1,2
22,942,12466,2,10,5,5,0,1,1
7,555,11805,2,30,6,4,0,1,1
20,261,4162,2,15,10,6,0,0,1
17,247,6558,1,5,6,3,0,1,2
27,390,24,4,50,23,10,1,0,2
21,873,1649,2,30,7,5,0,1,1
20,1112,11058,2,35,6,3,0,1,1
8,426,8040,3,35,7,9,0,1,2
10,310,48,2,10,7,4,1,1,1
8,1373,8624,2,15,8,6,0,0,1
21,363,7868,3,10,10,9,0,0,0
11,883,7440,3,70,10,7,0,0,1
8,463,8236,1,0,9,3,0,0,0
10,661,5931,2,20,14,5,0,1,1
17,1067,5960,2,0,12,7,0,1,2
7,709,1827,2,45,8,5,1,1,1
20,251,8715,2,15,8,6,0,1,1
17,566,8505,2,50,20,7,0,1,2
17,1080,4391,2,0,3,5,0,1,2
11,521,6680,2,35,7,7,0,1,1
4,926,7112,2,10,6,7,0,1,1
0,1302,172,2,15,5,5,0,1,2
10,356,263,1,5,3,3,0,0,1
11,883,4547,4,30,7,8,0,0,1
26,740,9722,3,50,9,8,0,1,1
22,816,4270,2,10,7,4,0,1,1
21,324,11257,2,45,6,4,0,1,2
17,596,6707,3,5,7,6,0,1,1
4,512,11269,1,15,9,4,0,1,1
14,833,967,2,35,7,5,0,1,1
17,905,5370,2,20,6,6,0,1,2
17,566,3397,4,10,6,12,0,0,1
26,580,9508,2,15,15,5,0,1,1
24,958,4962,3,60,10,6,0,1,1
6,724,5644,2,40,7,6,0,1,2
21,9,8404,3,5,7,7,0,1,2
17,1149,9419,3,30,10,7,0,1,2
18,1317,6938,1,10,7,3,0,1,2
17,680,3222,3,15,15,7,0,1,1
30,73,7580,2,50,14,7,0,1,1
8,463,8236,2,10,7,6,0,1,1
13,373,2720,2,25,8,5,0,1,1
10,1207,8379,2,20,2,5,0,1,1
10,87,3576,2,40,4,5,0,1,2
26,1216,298,2,15,8,5,0,1,1
1,1169,1000,2,10,9,5,0,1,1
17,811,12329,2,15,6,4,0,1,2
25,843,7859,2,20,10,7,0,1,1
7,157,9272,2,10,11,7,0,1,1
4,219,7552,2,15,7,4,0,1,1
17,1067,3219,1,15,4,3,0,1,2
3,1229,4245,2,20,7,5,0,0,2
17,399,2388,3,40,5,7,0,1,2
17,1308,2946,2,50,10,6,0,1,2
10,804,3898,1,0,7,3,0,0,1
17,992,776,1,5,7,4,0,1,2
9,670,7949,3,5,23,9,0,0,1
4,514,2034,2,15,7,7,0,1,1
20,261,1588,2,15,5,4,0,0,1
6,1289,5025,3,25,13,7,0,1,1
26,366,6143,2,5,7,4,1,0,1
3,1387,6175,4,30,5,9,0,0,1
26,1401,1938,1,5,6,2,0,0,1
8,912,58,2,25,9,5,0,1,2
17,1308,1375,2,30,3,4,0,1,2
26,39,1851,2,995,14,6,0,0,0
11,147,745,4,75,8,8,1,0,1
3,1006,7021,3,0,9,7,1,0,1
20,517,7494,2,5,6,6,0,1,1
20,158,2452,1,20,7,3,0,0,0
7,1166,3644,2,25,8,6,0,1,1
10,310,5331,1,0,7,2,0,1,1
8,145,8695,3,10,5,8,0,1,2
11,131,2294,3,70,19,10,0,0,2
4,334,10493,3,5,2,7,0,1,1
7,4,10135,2,20,6,6,0,1,2
4,219,9224,2,20,9,4,0,1,1
7,1166,406,2,5,18,5,0,0,1
22,890,9562,2,40,11,5,0,1,1
8,1073,652,2,10,5,4,0,1,1
17,967,3474,3,20,4,7,0,1,2
23,892,7668,2,45,8,6,0,1,1
17,980,763,3,5,7,7,0,1,2
21,107,11846,2,10,5,5,0,1,1
5,1354,3093,3,20,12,7,0,1,1
20,1134,3295,2,0,12,3,0,1,1
10,405,5132,2,15,6,6,0,1,1
6,592,1582,3,50,11,7,1,0,1
26,1001,12258,1,5,6,3,0,0,1
0,1031,8133,2,10,5,5,0,1,1
20,254,10151,2,25,5,6,0,0,1
6,457,11565,2,45,8,7,0,1,1
20,251,10420,1,0,6,3,0,0,1
3,720,6531,3,50,7,7,0,1,2
21,408,6108,3,50,4,7,0,1,2
10,735,10221,2,5,12,7,0,0,1
27,269,5106,2,20,14,5,0,1,1
26,1023,3233,1,0,18,4,0,0,0
0,885,3527,2,30,8,5,0,1,2
25,211,4822,2,20,6,5,0,1,1
4,755,7496,2,60,7,8,0,1,1
13,311,843,3,10,19,7,0,1,0
3,1387,3795,4,90,19,8,0,1,1
3,175,6765,4,85,6,8,1,0,1
21,819,9968,3,55,5,6,0,1,0
13,925,6513,1,25,6,2,0,1,1
1,784,3712,2,25,5,6,0,1,1
25,700,1388,2,100,3,4,0,1,1
9,1298,9249,1,35,3,3,0,1,1
15,668,3329,1,10,5,3,1,1,0
10,1250,5915,3,20,5,7,0,1,1
26,991,1452,2,25,3,5,0,1,1
17,944,12348,2,25,5,4,0,1,2
16,849,9987,2,5,6,5,0,1,1
0,1405,7683,2,10,10,6,0,1,2
21,499,1353,2,20,5,7,0,1,1
16,949,4545,3,20,10,6,0,1,1
20,1309,346,2,10,7,7,0,1,1
6,898,4539,2,20,15,5,1,1,1
11,883,1860,4,30,10,12,1,0,2
4,328,3810,2,20,4,3,0,1,1
9,670,9539,2,10,7,4,0,1,1
13,778,11894,2,0,7,4,0,1,1
7,904,5683,3,25,3,7,0,1,1
10,127,827,2,45,5,5,0,1,1
27,181,8905,3,90,15,8,0,0,1
23,848,4997,2,15,19,6,0,1,1
27,216,11734,5,0,7,13,0,0,0
13,1376,683,1,35,3,4,0,1,0
18,134,3875,2,50,14,5,0,1,1
8,696,4409,2,5,5,5,0,1,2
4,512,11269,2,25,13,5,0,1,2
8,1414,11286,2,5,6,4,0,1,2
7,555,4913,2,10,2,6,0,1,1
10,405,7023,3,30,5,6,0,1,1
20,953,11813,2,20,11,6,0,0,1
10,337,10711,2,5,4,5,0,1,1
7,1115,10914,2,20,10,6,0,1,1
0,549,6974,2,55,9,5,0,1,1
26,1081,3133,2,5,10,8,0,1,1
6,1147,12002,1,10,7,5,0,1,2
17,566,12387,3,20,7,7,1,1,2
17,1005,10979,3,25,8,6,0,1,2
7,4,10344,2,15,8,4,0,1,2
9,475,3989,1,5,4,3,0,1,1
8,812,8935,3,35,6,7,0,1,1
26,1001,12258,2,10,4,5,0,1,1
17,399,11788,3,25,8,7,0,1,1
4,747,12186,2,15,8,5,0,1,1
7,859,2341,2,45,4,5,0,1,1
4,208,4334,1,30,5,3,0,1,2
10,804,6432,1,15,10,4,0,1,1
26,39,10445,2,5,6,6,0,0,1
7,964,11316,2,20,9,5,0,1,1
7,10,4605,2,30,9,6,0,1,1
4,734,5593,3,30,8,6,0,1,1
10,1055,2152,1,0,3,5,0,1,1
13,407,5857,2,25,8,6,0,1,1
8,1414,4224,3,40,6,7,0,1,2
3,1006,333,2,30,12,5,1,0,1
20,173,5183,2,0,11,5,0,0,0
6,662,2572,2,50,7,7,0,1,2
14,101,6639,2,20,8,4,0,1,2
17,930,2687,2,80,6,5,0,1,2
7,746,95,2,20,4,4,0,1,1
4,328,413,2,15,7,4,0,1,1
10,1140,2448,3,25,6,6,0,1,2
11,415,7983,2,10,10,6,0,1,1
4,1095,5568,2,15,7,7,0,1,2
3,1229,8197,3,40,11,10,1,0,1
20,158,8126,2,20,7,5,0,1,1
4,1095,736,1,0,4,2,0,0,1
15,192,7579,2,15,7,4,1,0,1
7,1265,9903,1,0,6,3,0,0,1
17,263,7540,3,40,5,6,0,1,2
17,198,12174,2,20,7,7,0,1,2
17,289,8350,2,20,4,5,0,1,2
8,463,5839,3,15,6,8,0,0,1
17,80,11299,3,25,10,6,0,1,2
14,1413,6541,3,10,11,7,0,1,1
21,935,5965,3,30,6,6,0,1,2
10,1397,1499,2,15,5,4,0,1,2
6,673,3679,3,30,6,7,0,0,1
6,1181,11022,2,10,7,5,0,1,2
6,1384,501,2,50,7,5,0,1,1
9,713,5213,1,0,11,3,0,0,1
23,698,7813,2,20,8,5,0,1,1
21,363,2537,5,10,13,15,0,0,0
6,671,2443,2,20,6,5,0,1,1
20,884,9838,2,20,7,5,0,1,2
17,967,2820,2,10,5,6,0,1,2
3,1006,6167,3,35,4,8,1,0,2
27,1106,6656,2,80,9,6,1,0,2
22,478,10521,2,10,7,5,0,1,2
7,423,7831,2,5,8,5,0,1,1
15,316,6033,2,35,9,5,0,1,1
30,266,1909,2,20,6,4,0,1,1
21,701,1723,2,0,4,6,0,1,2
23,870,7964,2,10,5,5,0,1,1
17,490,8143,2,5,9,4,0,1,2
7,527,8086,2,10,9,6,0,1,1
20,385,7618,2,5,4,5,0,0,1
0,1270,12246,2,20,6,5,0,1,1
26,1028,1030,2,10,10,6,0,1,1
20,500,8405,2,5,11,4,0,1,1
21,363,7868,3,5,15,8,0,0,0
25,745,785,2,10,6,6,0,1,1
12,1010,1814,2,10,6,4,0,1,1
28,143,5720,2,5,11,6,0,1,1
15,921,8878,2,30,8,5,0,1,1
6,673,2937,2,25,12,6,0,0,1
27,1394,2309,3,30,13,7,0,0,2
9,713,9952,1,5,8,3,0,0,1
7,936,217,2,15,7,5,0,1,1
7,799,5460,2,25,9,4,0,1,1
7,258,9121,2,5,4,6,0,1,2
8,1373,8337,3,20,13,9,0,1,1
13,1258,12456,2,10,7,4,0,1,1
26,264,3463,2,5,9,5,0,1,1
6,193,569,2,35,8,4,0,1,2
17,856,9776,2,20,4,4,0,1,2
4,55,1577,3,0,7,7,0,1,1
17,1030,4922,1,5,5,3,0,0,1
11,586,11254,2,10,7,4,0,1,2
4,747,11430,2,25,7,5,0,1,1
22,643,11690,2,30,8,5,0,1,1
21,1219,11395,3,5,5,5,0,1,2
26,1028,6500,2,20,5,8,0,1,1
8,678,9322,3,40,6,5,0,1,2
20,1217,6584,2,25,6,5,0,1,1
17,716,2670,2,35,15,6,0,1,2
7,904,8174,3,30,6,7,0,1,1
15,192,1706,2,25,3,5,1,1,1
8,396,1501,3,25,5,7,0,1,1
7,617,632,3,20,9,4,0,1,2
17,1030,606,1,0,11,3,0,0,0
6,314,12526,2,30,7,7,0,1,1
11,164,7057,1,25,6,3,1,0,2
17,663,4271,3,15,7,10,0,1,2
24,563,9476,2,25,12,5,0,1,1
22,22,2467,2,5,8,5,0,1,1
6,1253,3073,3,0,19,9,0,0,0
6,464,314,1,5,4,3,0,1,2
6,1108,5909,2,0,4,7,1,0,1
3,574,8016,2,20,13,4,1,0,1
3,574,8555,3,35,18,8,1,0,1
10,712,317,2,30,5,5,0,1,2
21,363,9414,3,35,9,6,0,1,2
11,938,10992,3,10,13,10,1,0,2
6,104,619,2,20,8,5,0,1,2
8,463,2917,2,15,13,6,0,0,1
25,58,3477,1,40,4,3,0,1,1
0,885,3527,2,20,11,7,0,0,1
8,1020,2478,2,20,6,5,0,1,1
5,483,11572,2,20,5,5,0,1,1
3,720,3321,2,15,8,6,0,1,1
8,463,6973,2,20,8,5,0,1,2
26,762,10530,2,40,9,6,0,1,1
6,1291,3922,1,50,9,3,0,1,2
17,715,12336,2,35,5,5,0,1,2
7,4,10135,3,5,16,8,0,1,2
0,163,10661,3,25,7,8,0,0,1
26,1222,7307,2,20,15,7,0,1,1
20,158,2452,1,0,6,3,0,0,1
22,1152,102,1,0,5,3,0,1,1
21,274,10621,3,5,11,6,0,1,1
27,1394,4411,2,20,9,5,0,1,2
23,879,5493,3,25,9,7,0,1,1
11,938,473,1,5,10,2,1,0,1
26,753,9074,1,5,7,5,0,1,0
25,745,8068,2,20,6,4,0,1,1
17,233,7972,2,5,9,4,0,1,2
5,1150,9972,3,15,7,6,0,1,1
3,720,5019,2,85,5,5,1,1,1
6,1181,7246,2,50,8,6,0,1,2
27,548,1119,3,25,19,7,1,0,2
6,852,3125,2,25,8,7,1,1,1
20,251,7188,2,5,5,8,0,0,1
26,1259,1919,2,20,6,7,0,1,1
10,690,10377,3,25,14,6,0,0,1
15,1338,1564,2,90,5,5,0,1,1
10,1127,1095,2,15,12,5,0,1,2
6,516,7904,2,10,5,5,0,1,1
7,544,1553,3,45,12,8,0,1,1
6,516,8770,2,30,7,4,0,1,1
10,1140,4863,3,20,6,6,0,1,1
7,555,2763,2,0,5,4,0,1,1
26,991,2170,2,5,7,6,0,1,2
13,523,11798,2,5,6,5,0,1,2
8,678,11750,2,30,6,6,0,1,2
20,1402,1086,2,0,4,4,0,1,0
3,574,2913,2,15,4,5,1,0,1
20,270,12089,2,15,10,4,0,0,1
26,1132,9472,2,25,13,5,0,1,1
26,1216,12491,2,20,8,5,0,1,1
10,661,8482,1,15,5,3,0,1,2
8,433,3638,2,5,5,7,0,1,1
26,1001,12258,2,10,5,4,0,0,0
17,1357,11928,2,20,15,5,0,1,2
20,1359,6405,2,10,6,5,0,0,1
3,574,2913,2,60,5,5,1,0,1
20,629,3288,2,10,6,5,0,1,1
24,628,10750,2,995,10,5,0,1,2
10,88,2677,2,80,5,7,1,1,2
16,1300,3914,2,40,9,5,0,1,1
26,36,11590,2,20,8,5,0,0,0
15,914,6359,1,50,5,2,0,1,1
20,1134,2935,2,15,8,4,0,1,0
11,660,4377,3,65,8,8,1,1,2
26,435,886,2,20,8,8,0,0,2
20,158,4613,2,0,10,7,0,0,0
17,21,3613,2,50,5,4,0,1,1
25,1186,3206,2,40,5,4,0,1,1
7,904,11866,2,10,8,6,0,1,1
9,210,1198,1,15,12,3,0,0,1
27,1000,7861,2,25,11,5,1,0,1
17,229,9770,2,65,21,5,0,1,2
6,1181,3301,2,25,9,5,0,1,2
4,707,9354,2,10,19,6,0,1,1
10,151,708,2,10,5,5,0,1,1
20,1134,9420,1,5,16,3,0,0,1
17,930,2687,3,15,6,6,0,1,2
26,39,10795,1,5,17,3,0,0,1
27,1000,5240,2,20,5,5,0,1,2
20,251,7188,2,5,7,7,0,0,1
24,1293,2094,1,15,11,3,0,1,1
20,173,4431,2,5,4,6,0,1,1
7,108,7942,1,5,4,3,0,0,2
7,799,5460,2,25,7,4,0,1,1
15,1191,10932,2,60,6,5,0,1,2
13,829,2139,1,0,3,2,0,1,1
26,39,2005,1,15,13,4,0,0,1
0,946,208,3,5,5,7,0,1,0
27,1155,11652,2,35,7,5,0,1,2
10,88,11680,3,30,7,7,0,1,2
17,421,10538,2,40,5,7,0,1,2
16,232,6568,2,25,5,4,0,1,1
11,660,4377,4,0,23,12,0,0,1
25,779,8590,2,20,8,6,1,1,1
26,1259,10252,1,10,10,5,0,1,0
0,623,300,3,10,10,7,0,1,1
10,1250,11196,2,15,5,5,0,1,2
16,246,416,2,25,6,5,0,1,1
28,995,4337,2,20,7,5,0,1,1
3,1387,4194,4,110,4,9,1,0,2
17,289,8350,3,30,7,7,0,1,2
20,173,5183,2,20,16,5,0,0,0
3,574,6691,3,40,6,7,1,0,1
9,210,5427,2,5,12,6,0,0,1
26,74,3625,2,0,8,7,0,1,1
26,1085,1589,2,40,6,7,0,1,1
12,1024,1021,2,25,4,6,0,1,1
8,1114,10525,2,15,8,7,0,1,1
17,1045,12383,2,20,6,6,0,1,2
26,491,9601,2,20,6,4,0,1,1
22,171,10384,2,10,9,5,0,1,1
7,790,4405,2,10,5,4,0,1,1
8,1004,5205,1,35,5,3,0,1,2
21,140,7054,1,15,5,3,0,1,1
10,88,4259,2,35,5,6,0,1,2
16,89,4581,2,5,7,5,0,1,1
17,618,2786,3,0,7,6,0,1,2
4,369,2869,1,15,6,2,0,1,1
3,1387,10110,3,85,14,7,1,0,2
0,252,1738,2,20,6,5,0,1,1
20,1339,7128,2,5,11,5,0,0,1
8,1029,6404,2,35,5,7,0,1,2
10,603,1672,3,15,12,7,0,1,1
25,745,11061,2,30,3,5,0,1,1
25,211,7045,1,20,8,3,0,1,1
17,648,5029,1,20,10,4,0,1,2
8,640,8487,3,50,5,6,0,1,2
20,158,621,2,20,11,6,0,0,1
7,746,10625,1,10,10,3,0,1,1
11,1071,6471,2,10,7,6,0,1,1
26,621,10264,2,25,10,5,0,1,1
4,13,11344,3,40,5,6,0,1,2
6,662,6363,2,20,8,7,0,1,1
5,809,163,3,15,11,8,0,1,1
20,508,10459,2,10,8,5,0,1,1
1,436,2020,2,50,8,5,0,1,1
7,1411,3491,2,5,10,5,0,1,2
13,373,4660,3,0,8,6,0,1,0
17,233,525,2,0,4,4,0,1,1
25,34,12229,2,25,5,5,0,1,1
27,1000,6153,1,5,11,3,0,0,1
10,1203,11736,2,35,7,4,0,1,1
26,1216,12073,3,50,12,6,0,1,1
8,558,7882,1,0,13,3,0,0,0
4,1202,981,2,0,4,6,0,1,1
6,314,11995,1,0,40,3,0,0,0
21,1219,2948,2,10,6,5,0,1,1
10,760,8316,3,35,3,6,0,1,2
26,621,4282,2,10,6,3,0,1,1
17,811,220,3,5,7,7,0,1,2
5,511,6485,2,5,14,5,1,1,1
22,171,4266,1,15,15,3,0,0,1
21,499,7655,3,15,6,5,0,1,1
26,1001,171,1,0,23,3,0,0,1
16,732,2321,2,0,8,6,0,1,1
7,157,9272,2,40,6,5,0,1,2
17,980,12340,3,5,10,5,0,1,2
10,1248,9935,2,0,6,4,0,1,1
20,1359,1725,2,0,5,4,0,0,0
21,1093,7337,2,25,5,5,1,1,2
21,46,5919,2,10,6,5,0,1,1
25,971,9418,1,15,3,3,0,1,2
8,678,816,2,10,5,5,0,1,1
21,1426,2464,3,30,6,6,0,1,2
21,839,8925,3,15,8,6,0,1,2
20,251,10420,2,15,8,6,0,0,1
17,721,11449,2,5,3,6,0,1,2
0,607,9992,2,15,7,5,0,1,1
10,1055,11945,3,20,6,9,0,1,1
13,57,3680,1,35,5,2,0,1,0
6,8,11610,3,20,6,7,0,1,1
8,501,8098,2,10,7,5,0,1,1
6,453,1066,3,20,5,7,1,0,1
26,227,12110,2,5,9,6,0,1,2
16,1012,8684,2,30,5,4,0,1,1
10,603,4355,1,0,15,4,0,0,1
4,514,8137,2,5,4,7,0,1,1
8,463,8236,2,15,14,5,0,1,2
7,430,11410,2,20,10,5,0,1,1
26,762,10996,3,20,14,7,1,1,1
17,1080,6609,1,5,8,2,0,0,1
13,526,3387,2,10,8,6,0,1,2
14,1267,7815,2,15,12,5,0,1,1
8,613,2667,3,20,15,7,0,1,1
20,826,5879,1,10,2,4,0,0,0
8,659,12422,2,0,5,5,0,1,2
16,246,1042,2,5,8,7,1,1,1
21,46,4871,3,20,5,5,0,1,1
27,533,6299,3,25,11,7,1,0,1
27,533,6783,1,5,19,3,0,0,1
7,157,9272,2,35,7,6,0,0,1
27,422,8974,3,10,2,9,0,0,1
21,107,9462,3,30,10,7,0,1,2
21,1195,8263,3,25,5,5,1,1,2
6,1253,3073,4,15,16,12,0,0,0
5,467,1571,2,35,5,4,0,1,2
3,720,4522,3,30,15,8,1,0,1
7,255,6909,2,35,6,9,0,1,1
21,941,2586,3,25,5,5,0,1,2
11,1144,2496,2,20,6,6,0,1,1
26,74,12114,2,0,2,4,1,1,0
20,158,2452,2,15,8,4,0,0,0
5,226,12370,2,10,10,5,0,1,0
22,381,1301,2,5,8,5,0,1,2
6,376,9615,2,25,7,5,0,1,2
6,262,4256,2,70,5,7,0,1,2
20,1112,11058,1,5,5,2,0,1,2
10,1007,3550,3,35,3,6,0,1,2
7,1328,8292,2,10,10,4,0,1,1
12,1103,11255,2,10,7,4,0,1,1
26,36,6436,1,0,14,3,0,0,0
17,1275,4004,3,20,12,7,0,1,2
26,1081,4466,2,45,6,5,0,1,2
10,488,3201,2,15,5,5,0,1,2
4,514,2034,1,55,3,5,0,1,1
8,1049,5308,2,20,6,4,0,1,2
20,254,380,2,15,4,5,0,0,0
9,546,11699,1,25,6,3,0,0,1
17,1119,4844,1,5,5,3,0,1,2
7,675,7395,2,10,5,4,0,1,1
26,1023,3233,2,0,4,6,0,0,0
0,946,9964,1,20,8,2,0,1,0
13,777,11613,1,10,8,5,0,1,1
7,1283,10205,2,15,7,4,0,1,1
13,1310,5095,2,10,7,4,0,1,1
6,697,2717,2,25,8,6,0,1,1
10,735,9632,1,0,3,2,0,1,0
17,1313,2490,3,0,8,6,0,1,2
6,724,2536,2,0,9,6,0,1,2
10,1055,12433,3,30,10,6,0,1,1
10,1074,8048,1,5,16,3,0,1,1
7,108,11999,2,25,7,5,0,1,1
6,724,7981,3,5,7,8,0,0,1
17,490,8143,2,15,7,4,0,1,2
8,178,8020,2,15,24,6,0,1,2
3,1387,10110,3,30,8,7,0,0,1
7,1233,5131,2,25,3,5,0,1,1
11,164,7828,4,80,3,9,0,0,1
26,1001,6040,1,15,7,2,0,1,2
20,214,10569,2,75,4,4,0,1,2
17,399,7487,3,20,6,7,0,1,1
17,1005,1875,2,0,8,4,0,1,1
6,1206,4610,2,20,5,5,0,1,1
26,991,3697,1,5,10,3,0,0,1
5,601,3024,2,35,6,4,0,1,1
27,1155,1757,2,40,11,6,1,0,1
3,574,1256,2,15,6,7,0,0,1
6,724,3234,2,40,10,4,0,1,1
9,230,2078,1,5,18,3,0,0,1
6,1181,11022,2,45,8,5,0,1,2
6,104,4521,2,5,5,7,0,1,1
11,660,7281,2,25,9,6,1,0,2
6,376,10236,3,0,13,9,0,0,0
3,1387,10110,4,90,6,9,0,0,2
0,946,6570,1,20,5,2,0,0,1
20,1161,1436,3,10,7,7,0,1,1
3,1387,3909,4,90,11,8,0,0,1
0,885,11797,2,55,7,5,0,1,1
7,1233,3811,1,20,7,3,0,1,2
13,778,9086,2,20,9,5,0,1,1
7,1283,1405,2,15,4,4,0,1,2
10,1248,10682,2,20,5,4,0,1,1
21,1195,11585,3,15,4,4,1,1,2
6,673,2685,3,20,7,5,1,1,1
6,981,12397,2,10,5,5,0,1,1
6,1280,7956,2,35,12,7,0,1,1
10,562,593,2,10,6,4,0,1,1
6,487,835,2,25,6,6,0,1,1
26,203,8953,2,30,9,6,0,1,1
6,592,1582,3,25,12,7,1,0,1
26,1023,11319,1,5,6,3,0,0,0
4,519,10400,3,0,6,7,0,1,1
14,429,9326,2,30,9,5,0,1,1
25,745,2704,2,25,4,5,0,1,1
5,267,3275,2,80,6,5,0,1,0
13,128,10833,2,15,4,5,0,1,2
12,24,10868,2,10,5,4,0,1,2
13,1365,5872,2,15,8,5,0,1,0
7,282,4855,1,45,6,4,0,1,2
17,247,3997,7,5,16,18,0,0,1
7,333,2158,2,20,8,5,0,1,1
20,729,5384,1,5,6,2,0,0,0
6,1041,5880,1,10,13,3,0,0,0
10,804,3898,2,20,4,4,0,1,1
10,218,5484,2,30,5,5,0,1,2
6,671,10794,2,20,8,8,0,1,1
13,311,7177,3,40,13,8,0,1,1
10,1250,4608,2,5,13,5,0,1,1
10,1224,11407,2,15,5,6,0,1,2
8,463,8236,3,5,22,9,0,0,1
11,131,1488,2,15,6,7,0,1,2
20,943,6888,2,0,9,7,0,1,2
25,889,9697,2,15,3,6,0,1,2
3,1006,4570,2,40,2,7,1,0,2
5,1172,874,2,30,8,5,0,1,1
8,640,7017,3,45,5,8,0,1,1
9,210,12268,1,0,10,3,0,0,1
21,313,312,2,5,14,4,0,1,2
7,129,11796,2,20,7,4,0,1,2
8,433,4963,3,15,7,7,0,1,2
27,269,2101,1,10,5,4,1,0,1
17,716,7056,2,5,8,6,0,1,2
8,396,7181,2,25,4,7,1,1,1
7,746,5011,2,0,8,5,0,1,1
20,863,8297,2,10,7,6,0,1,2
4,447,3553,3,70,6,7,0,1,1
17,1005,4979,2,20,8,5,0,1,2
22,61,9280,2,15,7,4,0,1,1
21,1093,9849,2,25,8,5,1,1,1
10,1097,3572,2,20,5,4,0,1,1
4,219,11554,2,60,8,4,0,1,1
11,1144,7832,2,25,8,6,0,1,1
3,1387,4194,4,30,3,9,1,0,1
20,1359,12217,2,5,6,5,0,0,0
10,1182,414,1,5,6,5,0,1,2
17,1149,4221,2,10,7,5,0,1,2
20,158,621,1,5,5,3,0,0,1
20,158,9229,2,10,6,6,0,1,1
10,90,568,2,10,4,4,0,1,2
13,1365,5872,2,30,6,6,0,1,0
20,158,3419,2,20,4,5,0,1,2
18,1295,6994,2,35,8,6,0,0,1
7,52,1966,2,20,8,5,0,0,2
14,594,10111,2,30,9,7,0,1,1
27,548,9673,2,35,7,4,1,0,2
9,973,10153,1,5,6,3,0,1,0
4,191,11504,1,15,6,4,0,1,1
22,418,10694,2,20,3,5,0,1,1
17,680,3222,2,0,8,5,0,1,2
8,881,10258,3,25,5,6,0,1,1
27,548,1119,1,5,29,3,0,0,1
23,879,8433,2,60,7,5,0,1,1
10,1382,5036,2,20,6,5,0,1,2
6,275,458,2,30,6,6,0,1,2
14,1236,2615,2,15,7,6,0,0,0
8,828,3890,2,20,5,4,0,1,1
4,512,9988,2,15,5,5,0,1,2
7,1265,9455,2,25,9,5,0,1,2
17,805,11880,2,15,3,4,0,1,2
20,136,4638,2,5,8,4,0,0,0
21,935,3008,3,5,6,6,0,1,2
20,943,11170,2,30,6,7,0,1,1
7,746,6515,2,10,6,5,0,1,1
20,1161,1436,2,5,7,5,0,1,1
15,459,4659,2,10,9,4,0,1,0
30,1102,9320,2,40,5,5,0,1,1
3,175,6942,4,120,18,10,0,0,1
30,102,2673,2,10,7,4,0,1,1
7,901,12376,5,0,15,15,0,0,0
0,757,4055,2,60,27,5,0,1,1
7,157,11015,1,0,18,3,0,0,1
26,991,1452,1,0,5,3,0,0,0
17,1030,606,1,25,3,3,0,1,2
17,596,11104,2,20,5,4,0,1,2
21,345,8571,2,15,5,5,0,1,2
8,640,10513,1,0,6,3,0,1,1
11,883,7440,4,90,2,10,1,0,2
21,363,8973,2,40,3,5,0,1,2
17,421,1265,3,10,38,10,0,0,1
13,1262,12264,3,5,8,6,0,1,0
4,891,11782,2,25,20,5,0,1,2
16,244,3813,2,20,6,5,0,1,1
10,1382,8286,2,50,16,6,0,1,2
25,902,8716,2,20,9,4,0,1,1
26,1216,12491,2,0,5,5,0,1,1
6,1135,7925,2,25,3,5,0,1,1
17,1183,3022,2,15,6,5,1,1,2
7,27,2861,2,25,8,7,0,1,2
10,1407,9774,3,25,5,5,0,1,1
6,464,314,2,5,6,7,0,1,1
4,1389,2013,3,15,9,6,0,1,1
6,384,4229,1,0,16,3,0,0,0
17,1011,2187,2,5,5,4,0,1,2
6,99,1992,3,5,8,7,0,1,2
10,138,11543,1,55,4,3,0,1,1
6,1082,7539,3,45,8,8,0,1,1
4,741,16,2,80,4,6,0,1,1
20,1112,5573,2,0,12,3,0,0,0
15,265,8856,2,40,9,4,0,1,2
17,811,7718,3,25,6,7,0,1,2
20,385,7618,2,20,6,5,0,0,1
8,558,528,2,20,7,5,0,1,2
3,175,3564,3,45,16,6,0,0,1
13,311,7177,3,55,13,8,0,1,1
8,172,7334,2,0,10,5,0,1,2
20,158,2295,2,20,8,7,0,0,1
22,816,4740,1,20,6,3,0,1,2
5,260,11677,3,40,10,7,1,1,0
17,1094,180,2,20,7,5,0,1,1
7,895,11544,2,25,6,6,0,1,2
10,1278,10688,2,10,7,5,0,1,1
6,275,5903,2,5,9,6,0,1,2
20,1134,5241,1,5,6,2,0,1,1
27,1394,3168,3,40,11,6,0,1,1
4,148,509,2,25,11,5,0,1,1
27,181,4733,3,40,19,7,0,0,2
8,640,2788,2,15,5,5,0,1,2
17,421,1265,3,25,7,7,0,1,2
6,932,1235,2,0,9,6,0,1,2
21,408,7625,3,50,5,8,0,1,2
21,937,7036,3,0,6,6,0,1,2
21,363,2767,3,35,6,7,0,1,2
10,760,11514,2,50,3,4,0,1,2
8,178,8600,3,10,19,9,0,1,1
22,1088,5722,3,20,7,7,0,1,1
6,287,3107,3,20,6,6,0,1,1
8,1049,11467,2,15,9,6,0,1,2
20,1309,10374,2,40,5,8,0,1,1
8,276,6547,3,5,7,6,0,1,2
4,734,8931,2,25,6,5,0,1,1
4,334,2641,3,0,6,5,0,1,1
26,886,9266,2,10,11,6,0,0,1
23,928,10855,2,50,7,5,0,1,1
6,460,685,2,60,6,5,0,1,2
4,512,8851,1,30,6,3,0,1,2
10,735,10221,5,10,9,16,0,0,1
4,734,1455,3,10,6,5,0,1,1
26,1081,3133,2,0,9,7,0,1,1
5,685,10663,2,25,9,5,0,1,1
8,1225,3947,1,10,13,2,0,1,1
27,1155,4278,3,20,10,7,1,0,1
8,1029,11284,3,20,12,7,0,1,2
7,901,12376,5,20,9,15,0,0,1
10,996,2248,3,30,6,10,0,1,1
4,512,9988,2,20,5,5,0,1,1
27,548,11500,4,85,3,8,1,0,1
26,1001,12258,2,5,5,5,0,1,1
23,456,7342,2,30,9,5,0,1,1
11,883,135,1,25,10,3,0,0,1
26,264,955,2,15,8,5,0,0,1
5,226,8428,2,30,6,4,0,1,1
7,1166,9958,2,15,10,6,0,0,1
16,244,9048,2,40,9,5,0,1,1
20,1378,10483,2,10,9,8,1,1,1
22,763,4002,1,15,12,3,0,1,1
26,264,3463,2,5,7,5,0,0,1
26,39,633,2,35,16,7,0,0,1
9,713,12239,1,35,7,3,0,1,1
10,218,1627,3,40,4,7,0,1,2
7,238,5242,2,0,7,4,0,1,2
8,276,817,2,0,6,5,0,1,2
17,198,3193,2,30,7,4,0,1,2
11,164,9725,2,20,7,5,0,0,2
21,46,3838,2,15,8,3,0,1,1
16,244,6613,2,20,6,5,0,1,1
26,366,4785,3,50,5,5,1,1,1
6,1126,9405,2,35,3,6,0,1,2
10,88,4390,2,15,5,5,0,1,2
21,9,12328,3,30,18,6,0,1,2
7,4,2547,2,20,6,4,0,1,1
10,1227,2897,2,20,10,5,0,1,2
20,158,4613,2,15,8,7,0,0,1
17,566,8505,2,20,26,5,0,1,2
7,746,95,2,0,3,5,0,1,1
11,131,5799,2,40,7,4,0,1,2
3,1006,11911,2,25,7,5,1,0,1
10,690,10377,2,20,4,4,0,1,2
7,799,6667,2,40,5,4,0,1,1
15,192,90,2,10,7,5,1,0,1
10,1174,7710,2,15,5,6,0,1,1
4,334,1328,3,0,6,7,0,1,1
4,891,11782,2,10,11,5,0,1,1
6,1002,9911,3,45,6,7,1,0,1
30,73,10557,2,30,14,4,0,1,1
13,783,7583,3,15,6,6,0,1,1
13,1211,1175,1,15,2,2,0,1,0
21,1326,2947,2,20,7,7,0,1,1
4,926,4161,2,30,5,7,0,1,1
10,1250,6804,2,5,11,9,0,1,1
20,270,8824,2,10,10,5,0,0,0
4,1342,5344,2,55,7,5,0,1,2
13,128,2363,3,0,13,8,0,1,1
4,1334,3273,3,10,15,10,0,1,1
12,1066,7574,2,45,20,6,1,1,1
20,251,8715,2,15,8,6,0,0,1
17,1149,7637,2,15,7,5,0,1,2
4,588,6687,2,25,6,5,0,1,1
6,287,10608,3,20,8,7,0,1,2
9,670,6152,1,10,4,3,0,1,1
7,129,5248,2,55,6,4,0,1,1
8,276,2584,3,25,8,6,0,1,1
20,1134,5313,2,35,12,4,0,1,0
20,158,621,2,10,11,7,0,0,1
15,1260,3077,3,40,6,7,0,1,1
21,169,9064,2,15,9,5,0,1,1
8,463,5839,2,5,10,7,0,0,0
20,281,2664,2,30,7,7,0,1,1
26,1377,6207,1,15,7,5,0,1,0
26,1401,2557,1,5,4,2,0,0,0
6,487,2908,2,10,14,5,0,1,1
3,1387,2791,4,80,5,8,1,0,1
11,1194,5934,1,30,5,3,0,1,1
26,203,532,2,15,7,4,0,1,2
6,1291,9898,1,5,7,3,0,1,2
7,438,4023,2,5,4,5,0,1,2
4,144,2765,2,10,8,4,0,1,2
17,1045,9899,3,0,34,10,0,0,1
20,508,10459,1,10,7,4,0,0,0
14,948,6339,1,45,4,3,0,1,2
7,10,4605,2,20,7,6,0,1,1
8,881,5747,3,20,6,6,0,1,2
0,146,11169,2,20,5,4,0,1,1
10,1074,8784,3,55,9,7,0,1,2
17,1030,9966,3,80,6,7,0,1,2
6,898,26,2,20,7,6,0,1,1
10,87,4485,3,25,6,7,0,1,2
4,972,12183,1,15,5,2,0,1,2
7,473,2304,2,35,5,5,0,1,1
17,566,7559,2,30,7,5,1,1,2
1,1294,861,1,5,9,2,0,1,1
26,203,532,1,0,2,3,0,0,0
7,322,2666,2,10,6,5,1,1,1
17,289,3270,3,15,8,7,0,1,1
6,673,12181,2,25,6,5,1,0,1
24,628,6098,2,10,7,5,0,1,1
6,262,2092,2,10,5,5,0,1,1
7,157,1548,3,70,5,7,1,1,1
8,463,5839,3,5,27,13,0,0,1
21,956,9026,1,10,7,2,0,1,2
10,960,7761,1,0,4,3,0,0,0
10,712,5781,2,5,6,5,0,1,2
4,755,10422,2,5,8,8,0,1,1
16,849,4588,2,50,7,5,0,1,1
21,929,11198,2,15,5,4,0,1,2
4,369,7452,2,5,9,5,0,1,1
8,495,6120,2,15,5,6,0,1,2
10,1097,3572,2,25,4,5,0,1,1
17,805,4743,3,0,14,6,0,1,2
0,885,11797,2,40,6,4,0,1,1
10,1224,8475,2,10,7,4,0,1,2
26,1401,8525,3,40,6,9,0,1,2
20,270,6121,2,20,8,5,0,0,1
16,1361,7818,3,45,10,8,0,1,1
20,508,11256,2,10,9,6,0,0,0
30,822,8025,2,20,7,6,0,1,2
20,1112,5573,2,25,6,4,0,0,1
10,1140,5145,3,35,8,5,0,1,2
6,818,5504,2,15,7,4,0,1,2
13,311,7177,4,60,7,10,0,1,1
18,639,9213,3,15,16,8,0,0,1
17,721,82,3,10,11,8,0,1,1
9,670,6152,2,20,5,5,0,1,1
7,728,11227,1,0,4,4,1,1,0
20,1217,9581,2,25,8,5,0,1,2
7,255,7224,2,5,11,4,0,1,1
17,490,9391,2,15,6,5,0,1,2
8,178,5506,2,5,5,5,0,1,1
26,39,9897,3,30,37,11,0,0,1
25,889,5623,2,20,12,4,0,1,1
26,919,10629,2,25,3,5,0,1,2
21,701,2043,2,20,6,5,0,1,2
26,39,10795,2,15,28,6,0,0,1
7,859,5250,1,15,3,2,0,1,2
27,181,7055,4,120,4,8,0,0,1
16,547,3905,1,5,6,3,0,1,2
13,606,1445,2,25,7,5,0,1,1
8,440,4222,2,50,6,5,1,1,2
6,1384,5326,2,0,9,5,0,1,1
6,652,9135,2,60,4,7,0,1,1
20,788,9253,2,10,9,4,0,1,1
30,710,11281,2,20,9,5,0,1,1
6,662,8376,2,30,10,6,1,1,1
25,745,3003,2,10,13,6,0,0,0
0,946,431,2,10,6,5,0,0,1
10,356,6217,2,0,5,5,0,1,1
26,761,1433,1,5,11,4,0,0,1
5,1418,22,2,45,8,5,0,1,1
6,845,7126,1,5,6,2,0,1,2
5,593,5611,2,20,17,5,0,1,1
21,1051,4116,2,5,7,5,0,1,2
27,181,2607,2,995,4,6,0,0,1
26,36,1125,1,5,5,3,0,0,1
13,557,4050,2,10,6,7,0,1,0
12,442,2417,2,35,4,4,0,1,1
27,390,8710,4,110,4,10,1,1,1
21,1326,11580,1,10,7,3,0,1,2
4,144,5921,2,10,8,5,0,1,2
7,1356,7989,2,5,9,5,0,1,1
6,923,779,3,25,7,6,0,1,1
9,1247,1928,1,65,3,3,0,1,1
7,859,10311,2,35,4,5,0,1,1
10,1248,11556,2,5,6,4,0,1,2
25,167,10433,1,15,7,3,0,1,2
8,217,7262,2,5,8,5,0,1,1
10,417,11857,2,20,6,7,0,1,2
6,673,3679,3,30,8,7,0,1,1
25,889,11109,2,10,5,5,0,1,1
26,1401,11213,1,5,12,4,0,0,0
27,1106,5035,3,30,7,8,1,0,2
26,358,1773,3,35,12,7,0,1,1
3,175,4773,2,10,4,5,0,0,2
26,435,10275,2,25,5,5,1,0,1
21,1219,2948,1,15,4,3,0,1,2
6,673,6047,2,35,14,7,1,0,1
15,459,7276,2,45,6,5,0,1,2
25,889,1534,2,15,3,6,0,1,0
17,1030,606,4,35,11,16,0,0,1
21,1062,223,2,35,7,5,0,1,2
18,677,245,2,10,5,5,0,1,2
20,158,2452,2,5,7,5,0,0,1
10,575,842,2,35,20,5,0,1,1
8,463,2386,2,0,17,8,0,0,0
10,1127,11433,2,30,6,5,0,1,2
26,39,11440,1,0,12,3,0,0,0
13,128,2363,3,40,6,8,0,1,1
17,869,10822,2,15,4,5,0,1,1
8,41,5708,2,0,17,4,0,1,2
27,1106,5639,2,10,8,5,1,0,2
16,1399,6781,2,5,5,5,0,1,1
21,1251,8681,2,15,5,5,0,1,1
0,757,4510,2,20,8,7,1,1,1
20,672,2520,2,0,7,6,0,1,1
20,863,11793,2,15,11,6,0,0,1
3,720,4522,3,25,10,8,1,0,1
8,463,5638,1,0,4,3,0,1,1
6,673,1677,2,30,4,4,1,1,1
21,1062,5565,2,0,5,5,0,1,2
8,501,9709,3,20,9,7,0,1,2
10,488,4832,2,0,6,5,0,1,1
26,39,2005,1,0,7,3,0,0,1
13,1142,8234,2,0,7,2,0,1,0
22,649,10916,2,20,6,5,0,1,1
10,1382,8286,2,0,11,6,0,1,1
22,763,640,2,5,14,5,0,0,0
17,1183,1426,3,30,6,7,0,1,2
3,574,2913,2,20,9,5,1,0,2
25,1335,2437,1,15,8,3,0,1,1
26,1216,6521,2,50,3,4,0,1,1
26,39,85,1,5,11,4,0,0,1
3,720,6460,2,30,21,7,0,1,2
17,817,4536,1,5,8,3,0,1,1
5,853,12512,2,25,16,6,0,1,1
4,707,4465,2,5,25,4,0,1,1
7,630,673,2,0,7,2,0,1,2
21,477,11116,3,0,7,7,0,1,2
14,764,11961,2,20,5,5,1,0,1
8,613,3747,2,10,23,5,0,1,1
21,412,10611,2,20,5,9,0,1,2
17,1067,3845,2,10,8,5,0,1,1
27,1394,8008,2,50,5,4,1,0,2
6,1210,11979,2,0,6,7,0,1,2
8,597,11842,2,5,3,4,0,1,1
10,1097,7633,3,10,8,8,0,1,1
10,1397,1591,2,30,8,6,0,1,1
7,773,5096,1,0,12,3,0,0,2
13,503,9255,3,20,9,6,0,1,1
4,616,11914,2,20,4,4,0,1,1
0,607,6843,2,5,6,5,0,1,1
20,508,34,2,20,17,6,0,0,0
24,1364,7752,1,80,7,2,1,1,1
24,806,12051,2,10,5,6,0,1,2
22,1152,7292,1,0,12,3,0,0,0
11,164,7057,3,5,27,9,0,0,0
7,709,9201,2,25,5,4,0,1,1
4,191,12160,2,55,6,5,0,1,1
20,1209,4837,2,30,9,5,0,1,2
1,1294,6159,1,5,7,3,0,0,0
26,1023,3233,2,5,14,6,0,1,1
8,979,5795,2,10,5,6,0,1,1
22,1152,553,2,40,8,5,0,1,1
6,845,8916,3,20,23,7,1,0,1
3,1006,6683,2,50,8,6,1,0,2
4,821,2632,2,25,6,5,0,1,1
17,229,6715,2,20,3,4,0,1,2
3,1387,2791,5,70,4,11,1,0,2
20,270,6121,2,20,7,4,0,0,1
17,156,5757,2,25,5,5,0,1,2
10,337,2327,3,15,6,7,0,1,2
2,451,9980,2,50,5,4,0,1,1
6,1384,1753,2,60,8,5,0,1,2
17,1393,4714,2,5,6,6,0,1,1
8,433,974,2,20,5,7,0,1,2
11,765,3888,2,20,5,6,0,0,0
20,281,9492,2,10,5,5,0,1,1
22,171,10384,1,25,6,3,0,1,2
10,151,6821,3,30,6,10,0,1,1
4,1276,6739,2,10,6,7,0,1,1
6,1253,9889,3,25,5,6,0,0,1
8,828,274,2,20,3,5,0,1,2
21,363,3306,3,20,7,5,0,1,2
17,347,8671,3,10,6,6,0,1,2
26,1081,7210,2,20,12,8,0,1,1
11,147,9813,3,30,19,8,0,0,1
27,533,5800,3,15,19,9,1,0,1
13,486,8343,2,35,6,5,0,1,1
10,90,10081,3,45,5,6,0,1,2
20,251,1863,1,0,5,3,0,0,1
3,1387,2791,4,100,4,8,0,0,1
21,956,4325,2,5,14,6,0,1,1
16,244,2124,2,30,6,5,0,1,1
13,829,3907,3,25,5,6,0,1,1
26,886,11288,2,0,5,5,0,0,0
21,9,1729,2,0,9,7,0,1,2
27,269,11121,2,15,8,7,0,1,2
16,1176,8758,2,10,7,4,0,1,1
8,433,9140,3,15,4,5,0,1,1
6,932,8018,2,20,4,7,0,1,1
11,647,4197,3,20,17,7,0,1,2
10,151,7723,1,10,10,3,0,0,0
20,11,7348,1,25,6,5,0,1,2
8,828,8725,2,10,3,4,0,1,1
4,474,12553,2,10,6,7,0,1,1
10,712,3780,2,30,4,5,0,0,2
8,178,9123,2,20,11,5,0,1,1
4,1202,5735,2,10,4,5,0,1,1
17,1094,180,2,10,7,5,0,1,2
20,136,4769,2,0,4,7,0,0,0
20,497,1052,2,5,6,6,0,1,1
8,1184,7807,2,20,9,6,0,1,2
26,327,10863,2,10,6,5,0,1,1
27,1155,1757,3,5,11,8,0,0,1
6,673,2937,3,35,9,8,1,1,1
6,539,9886,2,5,9,5,0,0,1
10,575,999,1,0,2,2,0,0,1
4,519,10400,2,15,6,5,0,1,1
14,1116,7309,2,35,9,5,0,1,1
26,435,3812,2,15,13,7,0,1,1
22,1152,11726,2,15,8,5,0,1,1
20,517,943,2,0,6,6,0,0,0
10,1248,2815,3,20,8,7,0,1,2
0,793,2719,3,20,9,8,0,1,1
17,1196,6839,3,15,9,8,0,1,2
8,1049,9986,2,0,25,6,0,1,2
8,584,8743,3,20,7,7,0,1,2
20,214,11715,2,15,5,7,0,1,1
4,191,5918,2,0,10,7,0,1,0
7,1265,2733,2,15,11,5,0,1,1
30,73,11442,2,45,10,5,0,1,1
7,544,12147,2,10,9,5,0,1,1
8,395,5438,1,0,6,3,0,1,1
0,81,2839,2,30,6,5,0,1,1
21,412,2319,3,15,4,7,0,1,2
10,1007,9541,2,10,4,5,0,1,2
26,1028,881,2,20,5,5,0,1,1
17,856,2816,2,15,8,5,0,1,2
7,1091,10826,2,20,7,5,0,1,2
8,558,7882,2,20,7,5,0,1,2
10,142,2192,2,10,6,7,0,1,2
26,991,2170,2,5,6,6,0,1,2
7,901,4726,2,40,8,4,0,1,1
12,1286,8298,2,10,9,5,0,1,1
17,1308,6552,2,0,11,7,0,1,1
0,81,10235,2,30,11,5,0,1,1
25,50,6705,2,20,11,5,1,0,1
21,937,3953,3,10,6,7,0,1,2
10,1227,1009,2,25,7,6,0,1,1
4,212,4111,2,35,6,5,0,1,2
17,1352,9054,3,20,9,10,0,1,2
7,10,4605,1,10,6,3,0,1,1
13,783,11773,2,5,6,4,0,1,1
26,358,6526,2,15,8,7,0,1,2
21,727,1576,1,5,4,2,0,1,2
10,90,11215,2,15,3,5,0,1,2
1,567,11886,1,15,8,3,0,1,0
27,269,5902,3,45,8,8,1,1,1
21,363,4982,2,15,4,6,0,1,2
27,548,2513,3,5,6,7,0,1,1
10,1074,1601,3,10,7,8,0,1,2
13,778,11360,2,0,10,5,0,1,1
17,421,4900,2,25,9,8,0,1,2
4,741,1218,2,25,7,6,0,1,2
7,157,10036,3,25,5,7,0,1,1
21,363,7868,3,45,10,8,0,1,1
27,216,4021,2,10,10,6,0,0,2
6,1253,20,1,15,6,3,0,0,0
27,1000,6830,3,50,4,7,1,0,1
11,660,4821,3,25,11,7,1,0,1
21,363,8973,3,30,13,8,0,1,2
26,435,2481,3,10,8,7,0,1,0
8,640,9580,2,0,5,6,0,1,2
20,672,2726,2,20,5,6,0,1,1
10,151,1357,3,20,6,7,0,1,1
5,1150,5448,2,35,6,5,0,1,1
8,979,11075,3,20,10,7,0,1,1
26,1222,9015,2,5,11,7,0,1,1
20,11,11097,1,60,4,3,0,1,2
3,574,1563,2,60,6,5,1,0,1
17,648,11927,1,25,6,4,0,1,2
4,1342,6504,2,5,5,5,0,1,1
25,1044,3945,2,40,4,6,0,1,1
23,698,9682,2,5,8,5,0,1,1
10,825,6730,2,5,4,4,0,1,1
17,421,10538,1,85,3,3,0,1,2
26,432,10609,1,25,5,3,0,1,0
21,477,5938,3,25,6,6,0,1,2
4,1282,3484,3,5,9,7,0,1,1
25,349,714,2,30,9,5,0,1,1
10,562,593,2,5,4,4,0,1,1
17,876,6007,2,25,12,5,0,1,2
26,1023,3233,1,10,19,3,0,0,0
10,1097,399,2,5,3,4,0,1,2
25,1065,12332,2,0,5,5,0,1,2
14,1120,6614,2,995,10,5,0,1,2
8,1009,975,1,5,8,3,0,1,2
18,977,2847,2,0,8,5,0,1,2
11,164,9725,2,30,9,5,1,0,2
10,1074,11185,3,55,5,6,0,1,2
8,41,5708,2,10,6,4,0,1,2
16,1056,12356,2,0,12,5,0,1,1
6,830,4874,2,10,6,6,0,1,1
21,727,11453,2,25,6,3,0,1,2
10,218,2213,2,20,3,5,0,1,2
9,772,2530,2,5,4,5,0,1,1
10,151,5581,2,30,4,5,0,1,2
10,1074,1601,3,25,6,6,0,1,2
13,1262,8129,3,15,4,4,0,1,1
26,1216,9281,2,15,3,5,0,1,2
13,1310,4214,2,5,4,4,0,1,0
8,433,974,2,15,5,7,0,1,2
0,766,1608,2,20,5,5,0,1,1
6,1253,9708,3,40,7,6,0,0,1
8,812,8935,3,25,5,7,0,1,1
8,1414,11286,3,10,5,5,0,1,1
4,1202,7243,2,0,8,6,0,1,1
22,816,4270,1,5,3,2,0,0,1
20,1378,7734,2,20,7,5,0,1,1
14,594,11006,2,35,8,7,0,1,1
13,606,1445,2,10,6,4,0,1,1
17,247,3997,1,0,13,3,0,0,0
20,1402,3794,1,0,4,2,0,0,1
26,991,3697,2,10,6,4,0,1,2
10,105,8474,1,5,3,2,0,1,2
26,1132,5881,2,10,10,5,0,0,0
17,399,9178,3,15,8,6,0,1,2
21,1406,10862,3,25,5,6,0,1,1
21,477,11329,3,10,5,8,0,1,2
1,122,1581,2,25,4,5,0,1,1
25,513,4357,1,30,8,2,0,1,1
16,1404,9417,2,20,14,6,0,1,1
26,886,9779,2,0,6,5,0,0,0
7,333,1741,2,20,7,5,0,1,1
26,1085,1589,1,5,10,6,0,1,2
26,1085,4428,2,10,7,4,0,1,2
10,1207,10893,2,10,3,5,0,1,1
6,706,3723,2,15,3,4,1,0,1
17,1080,6609,2,30,17,5,0,1,2
10,803,10291,3,10,8,7,0,1,2
26,1001,171,1,20,6,3,1,0,1
16,352,2974,3,35,12,9,0,1,1
20,719,7869,2,10,5,3,0,1,1
17,663,11938,2,25,6,5,0,1,1
6,1147,3652,2,45,10,8,0,1,1
4,616,7887,3,25,7,7,0,1,2
6,1002,9911,5,20,9,12,0,0,1
17,1149,2759,3,0,6,7,0,1,2
17,490,9469,1,35,5,3,0,1,2
20,719,3788,2,20,17,6,0,1,1
21,471,1182,2,10,4,3,0,1,2
7,430,12378,2,30,8,3,0,1,1
8,433,9874,2,30,7,7,0,1,2
20,788,913,1,0,6,4,0,0,1
17,680,3587,2,35,11,4,0,1,2
12,667,9872,2,25,5,5,0,1,2
16,89,12143,3,10,10,7,0,1,2
4,474,8280,2,10,7,6,0,1,1
25,889,9084,2,25,5,6,0,1,1
0,163,1263,2,25,9,6,0,1,1
10,1278,2463,2,10,12,4,0,1,1
0,742,11377,2,15,6,5,0,1,1
6,1253,8759,4,45,4,9,0,0,0
10,87,10522,2,10,6,6,0,0,1
17,582,12054,3,25,11,7,0,1,1
17,1308,4476,2,15,6,6,0,1,2
20,826,9566,1,15,8,2,0,1,0
13,569,3291,2,25,9,5,0,1,1
20,323,1478,2,0,4,6,0,0,0
13,311,2554,2,5,7,5,0,1,0
4,72,12138,2,25,7,4,0,1,1
26,740,12447,3,35,5,7,0,1,1
8,979,8059,2,5,5,5,0,1,2
3,1387,8014,4,85,2,8,0,0,2
8,659,199,2,100,5,5,0,1,2
20,517,3610,2,10,9,5,0,1,1
13,373,2720,2,15,6,5,0,1,1
10,1174,11024,2,30,5,6,0,1,1
21,1195,4249,1,15,8,4,0,0,1
8,463,10714,1,10,10,3,1,0,2
8,206,11631,1,10,6,2,0,1,2
10,1250,8468,2,80,4,5,0,1,2
13,57,767,1,0,2,2,0,0,0
11,883,135,4,80,7,9,1,0,2
26,227,8640,2,15,8,6,0,1,2
6,452,4034,2,0,8,5,0,1,1
10,1224,5179,2,5,3,4,0,1,2
12,1148,4518,2,10,5,5,0,1,2
8,463,6973,2,0,8,6,0,0,1
27,533,6299,3,20,7,7,1,0,2
4,144,880,2,0,10,4,0,1,1
17,658,8226,2,20,5,5,0,1,1
21,363,2214,3,55,7,6,0,1,2
6,673,7819,3,0,7,10,0,0,0
27,269,11121,2,20,8,7,0,1,2
17,1067,3219,2,5,8,6,0,1,2
20,863,1104,2,15,9,6,0,0,1
16,352,2974,3,10,8,8,0,1,1
6,845,2698,3,35,12,6,1,0,1
21,471,11493,3,15,6,6,0,1,1
7,799,5784,2,10,5,4,0,1,1
17,490,9391,2,15,11,5,0,1,2
10,151,5581,2,25,4,5,0,1,2
21,839,3664,3,25,9,6,0,1,1
25,211,3910,3,10,9,9,0,0,0
4,191,5918,2,10,6,7,0,1,1
27,1394,11220,4,40,12,9,1,0,2
26,1001,11376,1,10,4,2,0,0,0
14,150,4842,2,30,13,5,0,1,1
7,746,5011,2,10,10,5,0,1,2
21,324,2129,1,10,6,2,0,0,1
20,254,10151,2,5,17,6,0,0,1
17,1121,5037,2,15,4,5,0,1,2
27,548,11500,3,15,11,10,0,0,1
26,991,47,2,20,21,6,0,0,1
4,1095,736,2,30,8,4,0,1,1
20,158,2295,2,10,4,3,0,1,1
26,1001,6626,1,5,6,3,0,0,0
17,1045,11353,2,10,14,6,0,1,2
21,1128,11790,2,85,5,4,0,1,2
17,715,6416,3,30,11,6,0,1,2
7,904,8174,3,0,11,7,0,1,1
8,912,11558,2,15,6,5,0,1,1
6,770,2702,2,20,10,7,0,1,0
6,460,685,2,0,14,5,0,0,1
17,658,10741,2,0,13,4,0,0,1
9,772,12334,1,15,5,3,0,1,1
1,183,3058,1,50,9,3,0,1,1
27,181,4733,2,35,15,5,0,0,1
30,710,3315,2,20,5,5,0,1,1
13,64,11594,2,5,5,4,0,1,0
7,838,10723,2,10,8,5,0,1,2
20,788,913,2,35,5,5,0,0,2
0,245,6147,2,15,9,5,0,1,1
4,972,1352,2,5,7,6,0,1,1
6,287,10436,2,5,8,5,0,0,1
17,1393,9534,3,10,3,6,0,1,2
22,1088,8136,2,10,4,4,0,1,1
20,158,621,1,0,5,3,0,0,1
20,1209,7844,3,10,10,7,0,1,1
17,1149,2759,3,10,8,7,0,1,2
3,1006,2343,3,0,11,7,1,0,1
20,174,5775,2,10,7,5,0,1,1
4,972,6999,2,20,3,5,0,1,1
25,769,7573,2,45,9,4,0,1,1
10,562,10062,1,0,5,2,0,0,0
27,1155,10278,2,30,12,5,0,1,2
4,148,5076,2,60,7,5,0,1,1
22,117,1507,2,0,7,5,0,1,1
21,140,8491,3,20,5,7,0,1,1
6,981,5187,2,25,9,7,0,1,1
7,157,1320,3,5,15,9,0,0,1
26,1401,3904,1,10,15,4,0,0,0
17,682,7461,1,40,6,2,0,1,2
9,713,10072,1,20,9,3,0,0,1
15,222,11469,2,80,14,5,0,1,1
16,1300,4872,1,50,4,4,0,1,1
17,1047,4506,1,0,12,2,0,0,2
10,310,3637,2,15,5,4,0,1,1
17,1357,3408,2,5,16,5,0,1,1
26,1001,171,2,20,11,7,0,0,0
6,1253,8759,3,5,10,8,0,0,0
16,1300,3914,1,0,9,3,0,1,1
30,710,3650,2,30,10,7,0,0,1
6,376,9615,1,10,9,2,0,1,1
27,422,4747,3,25,8,8,1,0,2
20,270,5471,2,10,8,6,0,0,0
10,1382,6073,3,5,5,7,0,1,1
26,1081,1531,2,20,11,7,0,1,1
20,136,4769,2,0,3,7,0,0,0
26,39,10795,2,35,16,6,0,0,1
29,952,1900,2,15,8,5,0,1,1
4,208,2714,2,10,8,4,0,1,1
21,701,6298,3,0,8,6,0,1,2
1,624,9194,1,5,8,2,0,1,2
4,1282,9426,3,10,8,9,0,1,1
12,669,8541,3,50,7,8,0,1,2
27,533,11882,2,30,7,6,0,1,2
15,733,2150,2,60,6,4,1,1,1
26,432,12443,1,20,14,4,0,1,0
20,953,10810,2,5,11,5,0,0,1
27,181,1654,3,15,14,10,0,0,1
10,1182,414,1,15,5,5,0,1,1
26,1050,11785,1,20,4,5,1,0,1
6,187,9695,3,10,7,5,0,1,1
13,1372,9922,2,0,8,5,0,0,0
26,39,11440,1,5,2,2,0,0,0
6,1253,20,4,0,11,12,0,0,0
6,592,5272,3,5,16,9,0,0,0
4,328,9969,2,15,4,5,0,1,1
8,395,3552,2,10,10,5,0,1,2
17,817,4667,3,10,13,7,0,1,2
26,1401,3904,2,10,10,5,0,0,0
7,641,2069,2,10,8,4,0,1,2
10,1074,8048,3,35,6,7,0,1,2
6,724,2865,2,15,10,5,0,1,1
25,889,446,2,5,7,5,0,1,1
27,533,3675,2,15,2,4,1,0,2
26,432,12482,2,15,7,5,0,1,1
6,197,6844,1,60,8,4,0,1,1
6,1350,3790,1,0,12,3,0,0,0
7,749,5327,2,0,7,5,0,1,1
27,181,1654,4,0,19,13,0,0,0
6,1289,5025,2,35,7,5,0,1,1
21,363,4982,1,0,11,3,0,0,0
10,1174,7710,2,25,5,5,0,1,1
17,1119,12390,3,20,6,7,0,1,2
27,216,12323,2,5,3,5,1,0,2
17,1322,6717,3,110,8,6,0,1,1
8,1403,10719,2,30,5,5,0,1,2
8,95,6894,2,25,5,4,0,1,2
17,715,6416,3,25,8,6,0,1,2
10,405,5132,2,15,6,6,0,1,1
26,1215,11367,2,0,8,5,0,1,1
30,1102,9320,2,20,6,5,0,1,1
17,876,6007,2,50,19,5,0,1,2
26,39,11440,1,10,6,3,0,0,0
17,596,11104,2,15,7,5,0,1,2
17,446,9654,2,0,3,4,0,1,2
17,1196,11779,2,20,6,7,0,1,2
20,1309,8850,2,30,6,7,0,1,1
20,500,9647,2,25,6,6,0,0,1
9,670,2699,1,5,5,3,0,1,2
20,270,854,2,10,6,5,0,0,1
21,727,11453,3,65,10,5,0,1,2
10,1007,9541,2,10,11,5,0,1,2
4,1276,7958,2,5,10,7,0,1,1
17,905,3836,2,15,11,4,0,1,2
4,71,3198,3,10,4,6,0,1,1
27,1155,11652,2,15,6,5,0,1,1
6,1287,2169,3,15,7,6,0,1,2
17,1080,10428,2,5,7,4,0,1,2
6,1022,3927,2,20,11,7,0,1,1
21,107,9462,3,10,11,8,0,1,1
16,232,3455,3,10,7,5,0,1,1
17,409,2383,2,25,10,7,0,1,2
1,583,10736,2,15,8,5,0,1,1
10,1127,11433,2,20,7,5,0,1,2
7,1283,6490,3,40,5,6,0,1,2
8,561,8490,3,35,20,6,0,1,2
7,238,11046,2,35,11,5,0,1,1
22,61,901,2,25,9,4,0,1,0
8,1009,7961,1,10,9,3,0,0,2
20,1217,9581,1,0,7,3,0,1,0
7,1265,10092,2,10,9,7,0,1,2
16,350,1102,2,30,9,5,0,1,1
10,1074,7272,2,20,5,5,0,1,2
17,1196,10765,1,5,8,3,0,1,2
27,1106,5492,2,20,7,5,1,0,2
10,1127,4169,3,25,7,7,0,1,1
21,1093,10895,2,30,7,5,0,1,2
20,1021,4531,2,5,7,5,0,0,0
11,164,8561,3,5,3,6,0,0,2
7,746,5011,2,10,12,7,0,1,1
26,1401,3904,1,5,15,4,0,0,0
27,216,12323,3,20,7,7,1,0,2
15,476,12279,1,35,6,2,0,1,1
8,558,1751,2,30,5,5,0,1,2
11,660,2390,2,50,8,6,0,1,2
21,1062,12096,2,20,6,5,0,1,2
7,10,4605,2,20,8,6,0,1,1
21,694,8134,3,80,12,8,0,1,2
13,64,10887,2,20,10,5,0,1,1
8,1415,9041,3,10,9,6,0,1,2
10,488,3201,2,0,5,4,0,1,1
6,673,2685,3,30,7,5,1,1,1
21,107,8884,2,5,3,5,0,1,1
11,765,5373,4,25,5,10,1,0,1
26,1216,9281,3,15,14,6,0,1,1
8,178,5506,1,0,12,2,0,0,0
4,1334,9825,3,15,5,6,0,1,1
8,1221,3018,2,15,9,6,0,1,2
3,720,926,2,20,4,6,0,1,2
26,991,5422,2,15,6,5,0,1,1
13,1372,1864,2,35,6,6,0,1,1
3,720,5019,2,10,9,7,0,0,0
6,453,3486,2,20,6,5,1,0,1
20,215,8668,2,5,10,5,0,0,0
24,628,8888,2,30,8,6,0,1,1
17,1240,1691,3,10,2,5,0,1,2
4,388,12059,2,0,8,5,0,1,1
13,64,5042,3,10,4,5,0,1,1
26,1001,12258,2,10,6,4,0,1,0
4,191,11504,2,10,7,7,0,1,1
12,1420,9051,2,25,6,4,1,1,1
26,1028,881,2,25,6,5,0,1,2
21,873,7444,3,10,15,7,0,1,1
5,1318,11855,2,35,9,5,0,1,1
10,1055,2152,1,5,3,5,0,1,1
25,1186,2409,2,40,7,4,0,1,1
7,728,11227,2,20,7,7,0,1,1
17,1357,11993,2,30,11,5,0,1,1
26,39,1324,2,50,31,6,0,0,0
6,852,10905,3,20,8,7,0,1,1
10,142,4273,2,10,3,5,0,1,1
3,574,6041,5,10,20,15,0,0,2
27,533,9339,2,55,15,5,1,0,2
21,363,9414,2,20,5,5,0,1,1
26,919,9760,2,10,7,5,0,1,1
17,399,984,3,20,7,7,0,1,2
5,814,4845,3,15,7,7,0,1,1
17,1030,9966,3,20,6,5,0,1,2
8,1114,11808,2,15,7,4,0,1,2
20,922,11608,2,10,7,4,0,0,1
21,123,9237,3,25,5,6,0,1,2
7,430,12378,2,15,13,4,0,1,1
1,871,840,2,40,7,5,0,1,2
26,1401,2557,1,10,2,2,0,1,1
7,901,11787,2,10,7,5,0,1,1
6,516,9828,2,15,7,7,0,1,1
17,875,4382,3,35,6,4,0,1,2
7,157,1548,2,30,11,5,0,1,1
1,624,6131,2,25,10,4,0,1,1
29,63,6671,2,50,10,5,0,1,1
13,20,3266,1,15,8,2,0,1,2
26,886,12157,1,0,9,5,0,0,0
25,902,8716,1,5,9,3,0,1,2
3,1387,925,5,40,4,11,0,0,1
27,181,1076,5,50,3,10,1,0,1
26,896,11617,2,0,2,3,0,1,0
11,415,5151,2,10,10,5,0,1,2
11,1416,11912,2,55,15,5,0,1,1
26,39,9133,1,0,8,3,0,0,0
10,151,5055,2,30,6,6,0,1,2
8,1414,266,3,40,5,6,0,1,1
24,844,1955,2,15,12,5,0,1,1
13,846,2841,1,30,5,3,0,1,1
20,508,11256,2,10,9,6,0,0,0
8,1009,8939,3,10,8,9,0,1,2
22,763,2155,2,20,19,5,0,1,1
13,64,11594,2,10,11,4,0,1,1
10,1248,10682,2,50,6,4,0,1,2
21,499,7655,3,0,8,5,0,1,1
15,1220,1716,2,15,8,5,0,1,1
17,51,2962,3,10,6,7,0,1,2
4,910,11324,1,15,3,3,0,1,1
17,1067,3845,2,30,8,5,0,1,2
10,804,11371,3,25,6,8,0,1,0
3,1006,7021,3,30,8,7,1,0,2
26,991,2170,2,5,5,6,0,0,2
10,603,4355,1,10,9,3,0,1,1
4,598,6038,2,30,10,4,0,1,2
7,430,7179,2,25,6,4,0,1,1
17,247,2918,1,30,6,2,0,1,2
21,363,4982,3,20,6,7,0,1,2
22,171,2542,1,15,6,3,0,0,1
7,255,7224,2,15,11,4,0,1,1
25,889,1339,3,20,4,9,0,1,1
20,884,10948,3,20,10,7,0,1,1
6,197,6829,2,60,8,5,0,1,1
8,374,698,2,20,10,7,0,1,1
8,696,8074,2,40,8,6,0,1,1
7,964,512,2,10,7,5,0,1,1
5,1345,3096,2,15,10,5,0,1,1
0,885,8479,2,30,10,6,0,1,2
26,1001,171,2,0,10,3,0,0,1
14,271,3386,2,45,13,4,0,1,1
11,938,10992,3,15,12,8,0,0,1
26,39,9133,2,20,16,7,0,0,0
7,895,8778,2,20,7,4,0,1,1
6,898,4539,2,30,8,5,1,1,1
7,838,10723,3,20,6,7,0,1,2
4,55,11218,2,15,6,5,0,1,2
6,673,6047,2,30,4,5,1,1,0
12,284,3440,2,15,12,5,0,1,1
27,548,4430,4,85,9,8,1,0,2
4,1276,4902,2,15,10,6,0,1,1
27,548,1440,3,60,4,8,1,0,2
4,741,11836,2,15,6,5,0,1,2
26,264,955,1,5,7,4,0,1,0
21,123,12012,2,5,4,4,0,1,2
3,574,8555,2,0,13,5,0,0,1
6,457,7117,2,20,7,8,0,1,1
7,895,440,3,35,5,7,0,1,1
30,710,1448,1,5,5,3,0,0,1
25,868,1692,2,35,6,4,0,1,1
23,915,10388,2,45,8,5,0,1,1
26,762,10996,3,40,14,8,1,1,1
13,1159,7483,3,0,12,6,0,1,1
0,793,12027,2,20,14,5,0,1,2
24,1388,9553,2,15,6,4,0,1,1
8,1020,11195,3,5,19,9,0,0,0
6,1135,4745,2,40,7,7,0,1,1
17,31,6184,1,10,5,3,0,1,1
21,1251,4319,2,10,8,5,0,1,1
17,1381,11482,3,25,10,6,0,1,2
17,446,9654,1,15,3,5,0,1,2
27,1106,4577,3,30,10,9,1,0,1
16,479,10418,1,20,6,3,0,1,1
27,216,11734,4,45,6,9,1,0,1
4,747,11430,2,5,7,5,0,1,1
25,889,7922,2,15,7,7,0,0,1
17,347,2090,3,55,5,6,0,1,2
16,959,3392,2,40,7,5,0,1,1
3,1387,10110,4,25,19,12,0,0,0
27,422,9497,2,45,11,4,1,0,2
4,699,5552,2,25,6,5,0,1,1
11,883,2076,5,60,5,15,0,0,1
13,128,5886,2,10,9,5,0,1,1
4,1276,359,2,0,10,5,0,1,1
27,1106,12026,2,50,18,5,1,0,2
20,158,3419,2,10,8,5,0,1,2
17,658,7531,3,35,5,6,0,1,2
9,445,3469,1,15,14,3,0,0,1
11,131,5799,2,50,20,4,0,1,1
22,816,3460,2,10,9,7,0,1,1
4,40,3106,2,5,8,5,0,1,2
21,336,191,2,5,12,5,0,1,2
4,1342,5825,2,10,6,5,0,1,1
10,1055,10772,1,5,5,5,0,1,1
21,499,6469,2,20,6,6,0,1,2
6,275,12385,2,15,8,5,0,1,2
26,1023,11319,1,0,17,4,0,0,0
21,1185,2643,2,5,6,4,0,1,2
8,1225,6276,2,10,8,5,0,1,1
13,909,1637,1,20,4,4,0,1,1
12,309,8039,2,25,7,6,0,1,1
17,663,8570,3,5,10,7,0,1,1
16,118,9314,1,30,4,3,0,1,1
20,158,5901,1,0,9,3,0,0,0
21,581,11127,3,5,6,7,0,1,2
8,678,7474,2,15,5,6,0,1,1
20,11,9857,2,75,7,7,0,1,1
7,1328,3809,2,30,6,6,0,1,2
22,355,10944,2,30,11,6,0,1,2
21,727,11091,3,15,6,5,0,1,2
7,1068,9655,2,30,4,5,0,1,1
20,1402,1708,2,15,6,6,0,1,1
7,859,4628,2,20,4,5,0,1,2
17,1240,4434,2,10,5,5,0,1,2
6,1277,9940,2,15,6,5,0,1,1
10,996,8360,3,20,6,7,0,1,1
22,763,4002,1,25,15,3,0,1,2
10,127,5691,2,15,9,5,0,1,1
3,1387,925,5,45,6,11,0,0,1
0,946,5210,2,5,3,6,0,0,2
22,1398,6896,2,40,5,5,0,1,1
10,1224,344,2,10,8,4,0,1,2
3,1387,11973,4,15,5,12,0,0,1
15,535,3480,2,65,4,5,0,1,2
7,255,9699,1,10,5,3,0,1,1
6,1253,5906,1,0,10,3,0,0,0
20,497,9380,2,15,6,6,0,1,1
6,1277,3619,3,20,8,7,0,1,2
27,390,2307,1,0,12,3,0,0,1
27,1394,676,2,20,3,5,1,1,1
6,464,9545,2,45,6,5,0,1,2
22,1320,12156,2,20,5,4,0,1,1
8,558,6089,2,50,8,6,0,1,2
27,533,10199,3,20,7,8,1,1,2
12,655,11189,1,55,6,3,0,1,1
21,1355,10612,3,10,8,7,0,1,2
10,1250,3885,1,10,2,3,0,1,1
7,1233,9392,2,70,4,4,0,1,1
10,337,2327,2,10,4,5,0,1,1
20,173,1939,2,5,7,5,0,1,0
3,1387,8023,5,100,3,10,1,0,1
21,956,4325,3,30,17,10,0,1,1
7,129,408,2,20,7,4,0,1,1
13,311,7430,2,0,7,6,0,1,0
0,946,11665,1,10,3,3,0,1,0
4,651,3912,2,0,4,5,0,1,1
23,879,11489,2,35,7,4,0,1,1
1,1358,7607,2,10,7,5,1,1,1
6,1287,4586,3,25,8,6,0,1,2
6,923,5424,3,5,10,7,0,1,1
21,1219,349,2,25,5,5,0,1,2
22,913,3726,2,10,3,5,0,1,0
3,574,7980,3,20,7,8,1,0,1
30,795,3692,2,15,7,7,0,1,1
12,1226,3086,2,70,6,5,0,1,1
27,548,2513,2,5,8,5,0,1,2
10,1140,2448,3,30,6,6,0,1,2
12,284,11098,2,20,6,4,0,1,1
26,1222,7307,1,0,17,3,0,1,0
8,463,6342,2,45,8,6,1,0,2
6,1002,4558,2,995,6,6,1,0,1
6,933,4496,2,20,13,5,0,1,1
6,1210,7175,2,15,11,7,0,1,2
3,1006,8077,2,20,3,4,1,0,1
6,845,5874,4,25,9,8,0,0,1
17,490,12425,2,45,8,5,0,1,2
7,527,8086,2,25,9,6,0,1,1
13,1142,7923,2,10,8,3,0,1,2
10,90,568,2,15,5,4,0,1,2
8,1415,1898,1,25,3,6,0,1,2
4,1363,4033,2,10,5,5,0,1,1
6,1277,7577,3,10,7,7,0,1,2
21,1219,5338,2,5,4,4,0,1,1
21,937,7036,3,60,6,6,0,1,1
7,225,3129,2,40,7,6,0,1,2
27,533,9339,3,35,7,8,1,0,2
11,883,2822,4,80,6,8,0,0,1
17,1183,5513,2,15,8,5,0,1,2
12,339,9506,2,995,6,4,0,1,0
16,1014,3506,2,40,7,5,0,1,1
8,1373,958,2,45,3,6,0,1,2
21,551,10204,2,15,9,7,0,1,1
13,606,8689,1,10,17,4,0,1,1
11,1071,11472,2,25,7,8,0,1,1
26,39,2005,2,15,8,6,0,0,0
24,958,11711,2,25,3,4,0,1,1
30,710,9397,2,30,8,7,0,1,2
10,88,4259,2,10,3,6,0,1,2
8,1184,10035,3,50,11,6,0,1,2
21,935,9689,2,5,12,5,0,1,1
20,385,8073,2,0,10,5,0,0,1
7,544,2853,2,10,6,4,0,1,2
27,181,2607,3,30,7,6,1,0,1
0,536,7600,2,10,12,5,0,1,0
26,432,10609,1,20,5,5,0,0,1
21,645,5912,2,15,6,5,0,1,1
9,713,7624,1,5,9,3,0,0,1
4,1389,3444,3,15,9,6,0,1,1
20,1209,4837,2,35,4,5,0,1,1
6,1002,3931,4,995,25,11,1,0,1
20,500,6341,2,0,7,4,0,0,1
11,164,5664,3,35,11,8,0,0,2
7,790,7889,2,50,12,5,0,1,1
6,1324,2952,2,15,7,6,0,1,1
22,913,2241,1,20,8,2,0,1,1
10,151,1244,2,15,5,6,0,1,2
13,18,8307,1,25,7,3,0,1,1
6,1041,912,2,15,7,5,0,1,1
7,641,8738,2,995,7,7,0,1,2
11,521,3519,2,40,9,7,0,1,2
6,706,7959,2,30,6,4,0,1,1
20,385,11212,2,10,6,5,0,1,2
14,550,236,2,15,9,5,0,1,1
1,183,2097,1,10,7,3,0,1,1
0,1302,7485,3,15,9,9,0,1,2
13,569,4147,2,35,24,5,0,1,1
7,157,7679,2,20,9,6,0,1,1
10,1127,1462,2,20,13,5,0,1,2
25,1044,9771,2,0,5,5,0,1,2
6,460,6253,3,50,8,6,0,0,1
26,1377,1204,2,20,6,4,0,0,0
20,517,943,1,5,2,4,0,0,0
26,1050,2504,2,20,7,5,0,0,0
7,238,12029,2,30,18,5,0,1,1
27,1155,9959,2,30,11,6,0,1,1
11,883,2822,4,80,8,8,0,0,1
13,925,6373,2,0,4,5,0,1,0
26,1050,6937,1,0,7,3,0,0,0
3,720,3321,3,20,5,10,0,1,1
17,682,5067,3,35,3,6,0,1,2
19,1153,1913,2,25,15,4,0,1,1
13,1035,10549,2,50,8,5,0,1,1
26,39,11246,2,5,42,7,0,0,0
4,821,10425,1,20,3,2,0,1,1
21,363,8973,2,10,5,4,0,1,2
25,60,2983,2,10,6,5,0,1,1
6,1060,8148,1,20,6,2,0,1,2
7,10,3146,2,5,3,4,0,1,1
7,430,1493,2,35,4,5,0,1,1
13,808,6627,2,15,4,5,0,1,2
27,1394,4411,2,40,9,5,0,1,2
1,280,8959,2,5,8,5,0,1,1
8,979,10735,1,15,9,3,0,1,2
15,1299,3212,2,60,6,4,0,1,1
20,922,11608,2,0,7,4,0,0,1
10,1278,4825,2,0,7,5,0,1,1
26,1222,9000,2,50,20,5,0,1,1
4,1202,3272,1,20,3,3,0,1,1
27,1394,2309,2,20,9,7,0,0,1
17,1352,9260,3,20,12,6,0,1,2
8,626,9112,2,60,5,5,0,1,1
6,99,3880,2,15,8,6,0,1,1
10,661,5931,1,0,11,3,0,0,1
21,1326,2947,1,5,5,2,0,1,2
12,93,9718,1,30,6,4,0,1,1
4,689,11763,2,0,3,5,0,1,1
13,308,5734,2,25,5,6,0,1,1
20,158,4613,2,10,10,8,0,0,1
21,313,6134,3,15,9,5,0,1,2
17,1196,3283,2,20,10,7,0,1,1
26,1023,12350,1,15,6,3,0,1,1
0,152,9060,2,30,8,4,0,1,1
6,1384,145,2,20,7,5,0,1,1
11,850,1409,3,15,8,7,0,1,2
17,811,11295,3,5,7,5,0,1,1
20,884,9838,1,30,6,5,0,1,1
27,1155,12020,2,20,3,5,1,0,1
7,157,11015,2,35,16,5,0,1,1
26,74,12114,2,35,5,5,1,1,1
20,158,7542,2,10,6,5,0,0,1
26,39,2005,2,20,10,6,0,0,0
6,673,10576,3,25,8,10,0,0,1
6,187,11142,2,0,7,8,0,1,1
26,74,8338,2,80,6,5,1,1,1
7,555,608,2,10,3,4,0,1,1
13,783,697,2,30,9,6,0,1,0
12,787,6684,2,15,5,5,0,1,1
8,426,12261,3,50,4,8,0,1,1
22,381,9807,2,15,9,5,0,1,1
17,247,3997,1,10,6,2,0,0,1
21,30,3595,2,15,6,4,0,1,2
8,178,8196,3,35,6,6,0,1,1
3,1387,3909,5,35,8,10,0,0,1
6,845,7126,2,20,6,5,0,1,1
18,677,11943,3,15,9,7,0,1,2
7,423,1926,2,20,3,4,0,1,2
21,107,4069,3,30,11,6,0,1,2
4,369,4003,2,20,7,4,0,1,1
27,533,3707,3,25,14,8,1,0,1
26,39,11246,1,10,6,3,0,0,0
4,148,12091,2,0,12,5,0,1,2
20,788,913,2,5,3,6,0,1,2
7,1188,7484,2,30,12,6,0,1,1
13,1141,5194,2,5,9,5,0,1,1
21,935,1956,3,30,6,6,0,1,2
17,834,6257,3,0,9,7,0,1,2
7,10,8833,2,35,4,5,0,1,1
21,1062,5565,2,10,15,5,0,1,2
27,548,10720,2,10,5,4,0,1,1
21,23,8049,2,10,6,6,0,1,2
16,849,12463,1,5,6,2,0,1,1
25,843,6530,2,10,10,5,0,1,0
18,639,9213,2,0,9,5,0,1,1
8,1184,830,1,0,5,3,0,1,2
17,1327,8653,3,20,11,8,0,1,2
5,702,8157,2,25,7,4,0,1,1
21,611,1227,3,5,11,6,0,1,1
26,753,11728,1,15,6,5,0,1,1
4,707,3764,2,25,4,4,0,1,1
6,673,2937,3,15,9,8,1,0,1
4,821,10586,1,50,5,2,0,1,2
7,1115,577,2,0,10,6,0,1,1
21,111,11714,2,10,9,5,0,1,2
14,429,10319,2,40,9,5,0,1,2
10,825,899,2,25,13,5,0,0,1
30,73,10557,1,30,4,2,0,1,1
25,889,5505,1,5,16,3,0,0,1
26,886,11288,2,10,10,5,0,1,1
3,720,5016,2,20,11,6,1,0,1
2,451,251,2,25,6,5,0,1,1
11,131,5799,2,50,12,5,0,1,2
20,158,2452,1,5,19,3,0,0,0
3,720,5016,2,10,10,6,1,0,1
18,977,15,2,15,4,5,0,1,2
17,566,8505,1,60,26,3,0,1,2
13,1376,2000,1,45,4,4,0,1,1
4,926,7112,2,0,6,8,0,1,1
6,1350,3790,3,15,17,13,0,0,0
20,500,8405,2,15,7,4,0,1,2
12,591,692,2,5,7,4,0,1,1
17,51,2962,3,30,5,7,0,1,2
26,1023,9865,2,0,10,5,0,0,0
8,659,119,3,10,5,7,0,1,2
20,190,3473,1,10,5,5,0,1,1
8,1054,11908,3,25,7,8,0,1,1
2,1369,7836,2,15,9,5,0,1,2
14,271,4615,2,50,7,4,0,1,2
19,507,7169,1,0,8,2,0,1,0
6,1287,10834,3,30,8,6,0,1,2
6,464,5203,2,15,8,6,0,1,1
7,1421,55,2,40,8,7,0,1,2
13,808,6627,2,10,6,5,0,1,1
13,783,8700,2,5,6,4,0,1,0
13,1376,10778,1,25,6,5,0,1,0
7,1068,6743,2,35,4,5,0,1,1
7,527,755,2,40,11,6,0,1,1
7,1273,3960,2,10,4,6,0,1,1
10,1207,276,1,15,5,4,0,1,1
13,553,4487,2,35,6,4,0,1,1
4,447,623,2,10,5,4,0,1,0
17,797,5684,3,5,7,5,0,1,2
17,1067,9805,1,5,6,2,0,1,2
26,39,9133,2,5,14,6,0,0,0
10,603,4355,3,20,7,6,0,1,1
4,450,1657,3,20,6,6,0,1,2
13,1310,202,2,5,5,4,0,1,1
8,1373,8624,1,5,14,3,0,0,1
8,433,4963,3,5,10,7,0,1,1
7,108,2895,2,10,3,5,0,1,1
8,501,10089,3,25,11,11,0,1,1
6,852,7596,2,0,7,8,0,1,0
16,801,9669,2,25,9,5,0,1,1
17,1045,9894,2,10,6,5,0,1,2
7,800,8176,2,15,8,4,0,1,1
21,1326,905,1,15,4,3,0,0,1
10,310,48,2,35,8,4,1,1,1
7,714,1975,2,10,5,5,0,0,1
21,363,2537,1,0,4,2,0,0,1
4,369,911,2,20,10,4,0,1,1
1,1169,11603,2,10,8,5,0,1,2
21,363,8973,3,35,8,8,0,1,2
4,144,9351,1,30,5,3,0,1,1
17,811,11873,3,20,7,6,0,1,2
12,386,5292,2,55,11,6,0,1,1
17,421,8626,2,25,6,4,0,1,2
21,935,12494,3,15,7,6,0,1,2
21,345,2860,3,20,5,7,0,1,2
22,763,10114,1,10,8,2,0,1,1
20,261,4052,2,10,7,6,0,1,1
10,712,1617,2,15,7,4,0,0,1
4,605,258,3,35,11,5,0,1,1
27,422,11088,2,50,8,4,1,1,2
11,660,4317,2,40,6,5,1,1,1
10,636,4295,2,20,7,4,0,0,1
26,432,2370,2,10,10,6,0,1,1
10,151,7723,3,25,5,6,0,1,1
10,1182,605,2,50,8,5,0,1,1
11,850,165,2,5,9,4,0,1,1
10,405,10970,2,20,4,5,0,1,2
17,367,5884,3,120,7,7,0,1,2
7,1283,1405,2,50,7,4,0,1,2
7,1040,4350,2,25,7,6,0,1,1
17,31,5426,2,5,9,4,0,1,2
11,765,5373,4,25,11,9,0,0,2
15,1314,9653,2,65,15,5,0,1,1
26,39,1851,1,20,17,3,0,0,1
14,1413,11937,3,15,9,7,0,1,1
11,660,7281,3,10,11,9,0,0,0
6,376,10236,2,5,11,5,0,0,0
21,581,7218,3,10,6,7,0,1,2
27,181,10173,3,50,27,9,1,0,2
26,39,633,1,10,12,3,0,0,0
7,1233,4275,2,55,6,5,0,1,1
26,1085,1589,2,10,6,8,0,1,1
6,48,6076,2,15,6,5,0,1,2
6,1041,6224,2,5,10,6,0,1,1
3,175,5357,3,5,19,9,0,0,1
17,905,8256,2,5,14,4,0,1,2
10,562,7435,2,10,5,4,0,1,1
22,1152,11576,2,5,10,6,0,1,1
7,695,750,3,25,12,6,0,1,1
10,1097,8006,2,15,7,4,0,1,2
8,638,10781,3,5,5,6,0,1,2
6,1277,9940,2,20,3,4,0,1,2
6,673,7819,4,10,19,13,0,0,0
0,69,3860,2,45,9,5,0,1,1
6,314,3855,2,35,7,8,0,1,1
8,613,297,3,50,10,7,0,1,1
13,1154,11435,2,35,8,5,0,1,1
5,940,3859,2,20,10,5,0,1,1
21,839,582,3,20,5,6,0,1,2
4,755,10987,2,5,9,8,0,1,1
6,855,9424,2,20,10,8,0,1,2
6,48,6988,2,20,10,5,0,1,1
7,709,1827,2,25,5,4,0,1,1
8,206,6064,2,20,6,4,0,1,2
20,719,376,1,5,3,4,0,1,0
10,138,9880,2,5,5,5,0,1,2
3,175,5302,4,80,6,8,0,0,1
3,1229,2403,2,25,13,6,1,0,1
27,548,10505,3,5,8,5,1,1,2
12,461,12288,2,10,8,4,0,1,2
6,376,9615,2,20,8,6,1,0,1
10,1140,2448,2,20,4,4,0,1,2
6,1253,3073,5,10,7,15,0,0,0
6,673,2937,3,25,7,8,1,0,1
7,49,3543,2,10,6,8,0,1,2
7,4,2547,2,5,2,4,0,1,2
6,1350,3790,2,30,10,8,0,1,2
21,645,4182,3,0,8,7,0,1,1
20,136,4769,1,0,3,4,0,0,0
6,1170,1238,3,70,7,7,1,1,1
8,561,4690,3,5,11,8,0,1,2
8,268,5059,2,25,6,4,0,1,2
25,1065,292,2,35,2,4,0,1,1
3,1006,7021,3,40,7,7,1,0,2
0,536,9917,2,25,7,5,0,1,1
26,432,6794,2,10,8,5,0,0,1
20,270,854,2,10,8,6,0,0,1
20,342,9385,2,0,11,5,0,1,1
4,755,10987,3,50,8,10,0,1,1
26,36,5318,1,15,8,5,0,0,1
17,682,1743,3,40,7,6,0,1,2
22,816,7405,2,40,9,4,0,1,1
10,1055,3785,1,30,2,2,0,1,1
7,901,11787,2,20,7,4,0,1,1
17,414,4297,2,20,10,5,0,1,1
27,390,4124,4,100,6,9,1,1,1
7,157,7679,2,20,7,5,0,1,1
8,433,9140,3,20,7,7,0,1,2
17,414,4297,2,30,9,5,0,1,1
25,745,980,2,30,10,5,0,1,1
25,1368,998,2,25,16,5,0,1,1
20,158,9229,3,0,18,10,0,0,0
7,1091,10826,2,25,8,5,0,1,1
27,548,6721,1,10,7,3,0,1,1
26,435,6181,2,0,8,5,0,0,1
27,1394,8008,2,50,5,4,1,0,2
6,673,10576,3,20,12,10,0,0,1
7,901,5668,2,15,3,5,0,1,1
18,813,9641,2,15,8,6,0,0,2
18,751,11883,2,0,7,5,0,1,1
24,1388,9553,2,15,6,5,0,1,1
20,497,378,2,15,8,7,0,1,1
25,843,6530,2,20,10,6,0,1,1
21,551,8913,1,50,7,4,0,1,2
26,1132,5881,2,10,14,8,0,1,0
8,1029,5403,2,30,8,6,0,1,1
21,937,12396,3,5,5,6,0,1,2
8,396,2245,2,55,7,6,0,1,1
24,628,10591,2,5,11,5,1,0,1
0,623,10253,3,25,9,6,0,1,2
10,417,3007,1,0,26,3,0,0,0
14,1267,7815,2,25,8,5,0,1,1
25,211,8834,2,15,11,5,0,0,1
26,1216,12491,2,40,6,5,0,1,1
24,1293,10938,1,15,5,3,0,1,0
17,876,12119,2,5,13,5,0,1,1
8,1373,8624,2,25,15,6,0,1,1
8,495,5936,2,0,2,6,0,1,2
21,1093,4440,3,25,6,7,1,1,1
17,1308,5599,2,40,7,5,0,1,1
17,233,10245,2,10,6,5,0,1,2
16,1410,8052,2,40,9,5,0,1,1
20,788,7902,2,0,5,4,0,1,1
10,1382,11682,1,5,7,3,0,0,1
10,83,8021,3,25,7,8,0,1,1
7,473,7476,2,20,11,5,0,1,1
18,977,2847,2,20,6,5,0,1,2
8,463,5638,2,5,11,5,0,1,2
13,778,9086,2,15,11,5,0,1,1
10,735,9387,2,10,8,5,0,1,1
10,1182,9933,2,35,9,5,0,1,2
27,1106,6874,3,90,4,6,1,0,2
22,1380,3714,2,10,11,4,0,1,1
6,673,7819,4,35,6,13,0,0,0
26,358,3804,1,10,11,3,0,0,0
25,889,5623,2,35,12,5,0,1,1
10,310,6799,2,0,10,5,0,1,0
16,350,8967,2,25,9,5,0,1,1
13,1365,3743,1,55,6,3,0,1,1
12,416,5560,2,20,6,5,0,1,1
11,765,3808,2,20,6,5,0,0,2
26,886,9779,2,10,8,4,0,0,2
6,931,1123,3,15,10,7,0,1,1
21,313,6134,2,20,6,4,0,1,2
27,181,3464,4,70,29,9,0,0,1
17,1045,609,3,30,6,8,0,1,2
4,891,11782,3,35,12,6,0,1,1
4,55,2185,2,0,9,4,0,1,2
26,1081,4466,2,70,6,5,0,1,1
8,463,10714,3,25,9,9,0,0,1
11,765,8406,3,40,20,8,0,0,2
26,896,11617,2,0,3,4,0,1,0
6,1384,5326,2,20,5,5,0,1,1
20,254,5266,2,5,11,6,0,1,1
10,1203,8172,1,0,5,2,0,1,2
10,488,3201,2,0,4,4,0,1,1
11,131,8879,3,80,7,7,0,0,1
13,503,3253,2,20,5,5,0,1,1
13,909,1637,2,10,4,6,0,1,2
10,310,11030,3,15,13,9,0,1,1
17,1080,6609,2,35,8,5,0,1,2
22,418,9970,1,25,5,2,0,1,1
20,251,1863,1,0,4,3,0,0,2
20,251,7188,2,10,5,8,0,0,1
17,875,10462,3,5,6,6,0,1,2
17,1275,761,2,30,8,5,0,1,2
4,734,8931,3,25,7,6,0,1,2
21,1219,5338,3,15,9,5,0,1,1
8,912,5485,3,35,6,6,0,1,1
30,73,3,2,5,15,6,0,0,1
10,735,9387,2,25,8,5,0,1,1
10,1174,9536,2,10,7,5,0,1,1
8,767,3895,2,0,22,6,0,1,1
10,1074,8048,2,15,8,6,0,1,2
17,682,4253,2,20,5,5,0,1,2
11,938,6631,1,10,8,3,0,1,1
21,169,2133,2,0,7,5,0,1,1
6,818,8890,2,5,16,4,0,1,2
3,1006,2343,3,30,14,7,1,0,2
7,746,95,2,25,5,5,0,1,1
9,772,12334,1,30,4,2,0,1,2
17,1080,1377,3,25,7,6,0,1,2
9,546,9792,2,10,17,6,0,0,1
27,181,7810,5,55,7,10,1,1,2
3,574,5765,3,20,12,9,0,0,0
20,863,6507,2,10,9,7,0,1,1
10,825,899,2,5,7,5,0,0,1
26,39,1851,1,0,15,2,0,0,1
13,523,3703,2,5,9,4,0,1,0
6,104,4521,2,5,4,7,0,1,1
8,501,10233,3,15,8,10,0,1,1
17,347,2211,3,20,6,6,0,1,2
7,282,8969,1,10,8,4,0,1,2
25,889,12481,2,5,10,5,0,1,1
18,371,12057,2,10,9,7,0,0,1
25,889,9084,2,35,8,6,0,1,0
20,385,10087,2,15,12,5,0,1,1
8,276,817,3,20,6,7,0,1,2
7,746,5011,2,15,19,6,0,1,1
0,549,1745,2,25,3,4,0,1,1
4,616,513,2,20,6,6,0,1,2
6,139,9973,2,10,4,6,0,1,1
17,1327,11863,3,20,23,8,0,1,2
16,1014,3072,2,30,9,5,0,1,1
4,598,8152,2,10,13,5,0,1,1
4,699,6216,3,20,9,6,0,1,1
8,1114,8365,3,30,7,10,0,1,2
6,673,2685,2,0,6,3,1,1,1
26,991,2170,2,5,5,5,0,0,1
10,76,570,3,15,6,7,0,1,1
8,1004,2718,2,40,9,7,0,1,1
20,788,1049,1,10,4,2,0,0,1
10,142,2809,2,0,4,5,0,1,2
4,212,3520,2,25,3,4,0,1,1
26,358,6526,2,0,11,7,0,1,2
17,582,3417,3,35,6,6,0,1,2
4,821,8557,3,0,6,7,0,1,1
9,445,8268,1,5,22,3,0,0,1
8,1073,2743,3,50,7,6,0,1,2
6,187,4685,2,10,6,6,0,1,2
21,363,3485,1,20,6,3,0,1,2
8,1425,5209,1,5,23,3,0,0,1
4,72,9679,2,5,7,4,0,1,1
12,339,9506,1,995,5,3,0,1,1
17,421,8626,2,15,5,4,0,1,2
8,561,4591,2,0,9,5,0,1,2
5,1096,2436,2,25,10,5,0,1,2
8,1054,3423,3,20,6,8,0,1,2
13,18,5625,2,5,10,5,0,1,1
21,937,7160,3,20,6,9,0,1,2
17,1080,10428,3,50,6,5,0,1,2
20,729,6229,2,5,4,7,0,0,1
25,745,3003,1,5,16,3,0,0,0
8,1373,8624,1,5,19,3,0,0,0
17,446,11687,2,30,3,5,0,1,2
21,611,2447,3,10,11,6,0,1,1
26,1081,10630,2,5,5,8,0,1,1
7,430,1795,3,40,11,7,0,1,1
7,7,8652,2,5,11,4,0,1,1
17,856,9776,2,35,8,4,0,1,2
11,131,3126,3,50,8,6,1,0,1
27,181,2607,3,100,10,6,0,1,2
6,724,7981,2,25,6,4,0,1,1
21,956,4325,3,35,18,9,0,1,2
18,677,11824,2,15,6,5,0,1,2
16,1014,86,2,0,9,5,0,1,1
26,424,12043,1,15,5,3,0,1,1
20,788,913,2,25,9,5,0,1,2
20,385,7618,2,15,9,5,0,0,1
10,405,10686,1,0,2,2,0,0,0
20,158,4322,2,25,12,5,0,0,1
20,158,9229,1,0,7,3,0,0,1
7,1015,7502,2,45,11,5,0,1,2
17,409,2383,2,15,9,7,0,1,2
23,879,5493,3,30,11,7,0,1,0
30,1102,5589,2,15,3,4,0,1,1
17,490,9469,3,20,8,9,0,1,2
9,670,6152,2,5,21,7,0,0,0
6,845,985,2,5,5,5,0,1,1
24,563,10640,2,30,11,5,0,1,2
20,158,2295,2,15,6,6,0,1,1
16,118,3046,2,15,5,5,0,1,1
27,1155,9959,2,20,10,7,0,0,2
7,322,4672,2,30,8,7,1,1,1
16,244,5779,1,30,6,3,0,1,1
10,356,263,1,0,2,3,0,1,1
11,883,12256,5,90,5,11,1,1,1
20,1161,12440,2,0,10,6,0,1,2
17,1279,11282,3,15,7,11,0,1,1
2,1130,4534,2,20,9,5,0,1,2
15,738,6660,2,0,7,4,0,1,0
27,181,2627,3,40,20,11,0,0,1
17,1067,9014,2,5,7,4,0,1,2
22,171,2542,1,30,3,3,0,0,1
8,881,10554,3,20,6,7,0,1,2
20,1402,1708,2,20,11,7,0,1,1
17,869,9068,2,90,6,5,0,1,1
22,1320,8207,2,25,8,5,0,1,1
17,1357,11993,1,35,5,2,0,1,2
27,181,1722,6,100,6,11,0,0,1
0,1333,10548,2,25,6,6,0,1,1
4,689,1749,2,20,3,5,0,1,1
4,369,2869,2,40,7,4,0,1,1
6,1289,8495,3,30,8,8,0,1,1
11,586,1710,1,15,6,3,0,1,1
22,418,5617,1,10,2,2,0,1,1
22,816,3460,2,20,10,6,0,1,1
8,463,2917,1,5,4,2,1,0,2
26,1023,10220,1,0,4,4,0,0,0
18,977,2847,2,20,6,5,0,1,2
24,628,6098,2,95,9,6,0,1,1
4,40,8377,2,40,5,5,0,1,1
20,788,7902,2,0,14,4,0,0,1
10,603,2752,3,15,6,6,0,1,2
8,558,1751,3,25,5,7,0,1,2
25,1368,5567,2,35,9,5,0,1,1
17,566,7914,3,15,9,7,0,1,2
8,1414,11124,3,35,6,5,0,1,1
21,363,7868,3,30,15,7,0,1,2
22,1131,12033,1,20,9,3,0,1,1
17,680,273,3,10,12,6,0,1,2
10,1278,11549,3,40,8,6,0,1,1
17,566,2239,3,5,8,7,1,1,1
4,571,6102,2,10,8,5,0,1,1
4,369,4003,2,20,9,5,0,1,1
25,700,4365,2,10,3,4,0,1,1
3,720,5019,2,15,11,5,0,1,1
6,673,2803,2,30,10,5,0,1,2
21,935,3008,3,30,6,6,0,1,1
21,363,9414,3,20,10,8,0,1,1
17,446,8764,2,15,3,5,0,1,2
13,1211,9827,1,35,11,2,0,1,1
8,678,10837,2,5,7,5,0,1,1
26,39,2005,2,5,38,7,0,0,1
6,537,10217,2,10,5,6,0,1,1
24,628,143,2,30,14,6,1,1,1
17,1393,1382,2,15,8,7,0,1,1
20,11,3986,2,15,6,5,0,1,1
27,533,1666,3,45,7,6,0,1,2
17,984,2290,3,5,11,6,0,1,1
27,269,5106,2,40,9,5,0,1,2
26,39,9133,3,10,17,10,0,0,0
7,157,1548,2,5,9,5,0,0,1
20,385,7618,2,0,9,5,0,0,1
26,753,1308,1,20,5,5,0,1,2
10,1248,9935,2,35,9,4,0,1,1
20,1402,1684,2,35,6,4,0,1,0
27,1106,4888,3,55,13,5,1,0,1
20,158,621,1,5,6,3,0,0,1
21,140,3749,3,5,6,6,0,1,1
17,1026,219,3,45,6,6,0,1,1
26,1023,9635,2,10,7,5,0,1,1
12,335,9683,1,15,3,3,0,1,1
11,1071,181,2,10,7,4,0,1,2
27,1155,5046,2,30,9,7,1,0,2
20,508,10459,2,5,7,5,0,1,0
17,834,6257,3,5,11,7,0,1,2
16,352,2974,2,30,7,6,0,1,1
6,652,11569,2,10,2,4,0,1,0
20,1402,1451,2,25,6,5,0,1,1
21,941,3013,3,30,6,5,0,1,2
7,1328,260,2,50,11,5,0,1,1
15,1100,8711,2,80,10,4,0,1,1
6,193,5539,3,25,12,6,0,1,1
4,1342,1541,2,5,7,5,0,1,1
7,255,12360,2,10,7,4,0,1,1
8,1114,6945,2,5,6,4,0,1,1
22,791,11515,2,30,8,6,0,1,2
17,658,7434,3,15,14,8,0,1,1
4,71,3198,3,5,4,6,0,1,1
8,41,6024,2,0,7,4,0,1,2
6,1170,2314,3,20,5,7,0,1,2
8,95,10990,3,20,6,7,0,1,1
10,661,6346,2,10,4,4,0,0,1
18,751,3200,2,20,8,6,0,1,2
21,336,3249,2,0,12,5,0,1,2
27,216,490,2,20,4,5,1,0,2
6,1210,2130,2,25,9,5,0,1,1
20,672,2726,2,10,5,6,0,1,2
6,697,7506,2,30,9,5,0,1,1
10,1140,8088,1,20,6,3,0,1,2
9,546,9976,2,15,17,7,0,0,1
10,76,59,2,15,4,4,0,1,1
27,390,8573,3,15,9,8,0,0,2
17,834,5576,3,0,9,7,0,1,2
3,720,4522,2,20,11,7,1,0,1
17,233,3616,2,40,5,5,0,1,2
26,1023,11319,2,20,6,5,0,0,1
20,251,8703,2,30,6,5,0,1,1
11,765,7376,3,10,4,7,1,0,1
17,944,12124,2,0,5,5,0,1,2
21,23,116,3,25,10,6,0,1,2
7,790,8534,2,10,7,4,0,0,2
6,275,6876,2,5,9,6,0,0,1
7,27,11867,2,15,11,7,0,1,2
20,719,376,1,5,3,5,0,1,1
6,592,8546,2,40,12,6,1,1,1
11,850,1409,2,0,7,6,0,1,1
13,531,3294,2,50,7,5,0,1,1
13,1053,7597,2,10,4,6,0,1,1
10,1055,10918,2,20,3,5,0,1,1
17,399,7504,2,0,8,7,0,1,2
17,566,8505,1,10,13,3,0,1,2
13,64,12207,2,20,12,4,0,1,0
20,368,9498,2,60,6,8,0,1,1
7,157,1548,3,30,11,6,0,1,1
10,1055,12433,1,0,12,3,0,0,1
21,363,8973,2,25,7,5,0,1,1
8,463,8236,2,25,3,6,0,1,2
26,358,6526,2,10,6,7,0,1,1
7,799,1813,2,0,10,6,0,0,1
10,1097,8006,1,0,4,2,0,1,2
12,3,3936,3,20,6,6,0,1,1
6,1253,3073,2,995,8,4,0,0,1
10,142,6867,2,15,6,7,0,1,2
21,1019,6828,1,100,6,2,0,1,2
17,21,3613,3,20,11,9,0,1,1
8,463,8236,2,25,8,5,0,0,0
17,347,6043,3,30,4,5,0,1,2
17,31,6184,2,5,8,4,0,1,2
27,181,5637,4,50,16,13,0,0,1
10,1097,8222,3,20,7,8,0,1,2
7,322,11573,2,25,11,6,0,1,1
25,745,9834,2,5,6,6,0,1,1
17,247,870,5,10,12,13,0,0,1
26,1401,3904,1,20,9,3,0,0,0
4,447,11568,2,25,5,4,0,1,1
7,157,1320,1,0,9,3,0,1,1
0,793,124,3,15,20,5,0,0,2
7,630,9216,2,35,7,3,0,1,1
7,157,5181,2,10,6,6,0,1,2
27,181,1076,4,80,8,8,1,0,2
26,302,5868,2,10,5,6,0,0,0
10,1397,8870,1,15,4,4,0,1,2
18,466,5164,2,30,8,5,0,1,1
7,695,11326,3,15,6,7,0,1,1
7,157,6114,2,5,9,6,0,0,0
10,90,10884,3,25,11,7,0,1,1
8,626,2177,3,30,5,7,0,1,1
21,727,5315,2,30,5,4,0,1,2
21,1426,4206,3,0,9,6,0,1,2
6,1002,9911,4,30,7,10,1,0,1
17,1279,1770,3,0,11,10,0,1,1
6,931,4712,2,10,8,5,0,1,2
10,804,8628,2,25,4,4,0,1,2
13,128,1806,2,5,3,5,0,1,2
10,603,1881,2,15,6,5,0,1,2
17,233,8031,3,0,7,6,0,1,2
11,164,4014,4,5,8,13,0,0,1
7,84,4695,2,15,10,4,0,1,1
21,551,3028,3,5,13,7,0,1,1
22,816,12104,1,5,5,2,0,1,1
24,958,53,2,10,9,5,0,1,1
20,158,2295,1,10,26,3,0,0,1
25,50,6705,1,10,8,2,0,1,1
7,790,5287,2,45,10,5,0,1,1
8,95,9528,2,20,5,4,0,1,2
27,216,11734,2,15,6,5,1,0,1
11,883,7440,5,100,11,13,1,0,1
7,895,8778,2,10,9,4,0,1,1
4,447,4140,2,15,5,5,0,1,2
8,558,1751,2,20,5,5,0,1,1
27,269,11121,2,15,10,7,0,1,2
8,501,10089,3,10,10,10,0,1,1
17,834,9961,2,5,8,4,0,1,2
0,793,12232,2,25,9,5,0,1,1
10,1382,65,3,25,5,8,0,1,2
20,385,11212,2,10,4,5,0,0,1
26,991,3697,2,10,7,5,0,1,1
19,1070,10181,2,0,5,4,0,0,1
17,875,4382,3,20,7,6,0,1,2
8,561,10602,2,0,4,6,0,1,1
11,765,682,4,85,8,9,1,0,1
26,1001,12258,1,5,5,3,0,0,0
21,1426,11930,3,30,7,6,0,1,2
22,763,6214,2,5,23,5,0,1,0
26,36,11590,1,0,3,3,0,0,0
17,1080,4391,1,0,16,3,0,0,0
17,414,898,1,5,6,4,0,1,1
26,264,1846,2,10,5,5,0,0,1
3,1387,10130,5,20,6,8,0,0,1
14,1367,5186,3,15,6,5,0,1,1
6,898,4483,4,10,23,12,0,0,1
30,1102,1767,2,10,10,4,0,1,1
4,556,6070,2,10,5,6,0,1,0
8,178,33,3,20,10,6,0,1,1
9,230,11474,1,5,11,4,0,0,1
6,1076,9202,3,5,9,9,0,0,1
16,38,924,1,5,7,3,0,1,2
17,869,10822,1,10,8,3,0,1,1
25,971,3917,1,15,4,3,0,1,1
21,499,1111,3,0,13,5,0,1,1
8,145,3389,3,5,4,7,0,1,2
26,39,11246,1,0,6,3,0,0,1
6,539,814,2,80,7,6,0,1,1
20,190,2300,2,10,5,5,0,1,1
4,1363,4033,2,5,5,5,0,1,2
17,1030,606,1,25,4,3,0,1,2
7,1233,5131,2,5,4,5,0,1,1
6,539,6020,2,50,9,6,0,1,1
8,1225,433,3,25,7,4,0,1,2
20,1134,8238,2,25,10,5,0,1,1
22,1152,7292,3,15,9,5,0,1,1
6,457,646,2,50,8,5,0,1,1
9,670,11706,1,5,11,2,0,0,0
21,1195,4945,3,0,9,6,0,1,2
6,852,5280,3,5,8,8,0,1,1
6,845,985,3,35,7,6,0,1,1
22,171,2542,1,15,8,3,0,1,2
13,480,12455,1,50,3,2,1,0,0
0,291,12314,2,30,8,5,0,1,1
27,548,7676,1,10,6,4,1,0,2
25,745,8909,2,15,9,5,1,1,1
11,883,9474,3,85,5,8,1,0,1
10,1055,11945,2,10,4,6,0,1,1
10,1182,605,2,40,6,5,0,1,2
21,363,2214,3,20,14,6,0,1,2
7,936,7636,1,0,13,3,0,0,0
7,282,11749,1,30,7,4,0,1,2
6,376,10236,2,50,10,5,0,1,1
6,1108,5909,2,30,4,7,1,0,1
6,1170,10542,3,35,5,5,0,1,1
8,1343,7022,1,25,6,4,0,1,2
17,263,4597,1,0,13,3,0,0,1
3,1387,11973,4,30,11,8,1,0,1
5,260,3807,3,20,12,8,0,1,1
17,944,6362,2,35,5,4,0,1,2
18,1139,7776,2,20,10,5,0,1,2
26,491,9601,2,30,6,5,0,1,1
4,1334,4798,2,20,3,4,0,1,1
10,151,7723,1,5,13,3,0,0,0
10,1207,3116,2,15,3,4,0,1,2
7,630,1618,2,35,6,5,0,1,1
17,1279,11282,3,15,5,11,0,1,2
17,303,9803,3,25,11,7,0,1,0
17,306,11035,2,10,13,4,0,1,2
30,73,9119,2,20,7,5,0,1,0
8,584,4709,3,10,7,7,0,1,1
8,1,1619,1,10,5,5,0,1,1
21,111,2202,2,5,10,5,0,1,1
22,355,9734,2,30,10,4,0,1,2
3,1006,5957,2,15,5,5,1,1,2
4,191,11084,2,0,3,3,0,1,1
4,605,8604,1,20,6,2,0,1,1
26,327,1562,2,5,4,5,0,1,1
3,1387,2791,4,50,11,8,1,0,1
3,1387,8564,5,105,6,10,1,0,2
4,707,2875,2,40,5,5,0,1,1
6,398,10749,2,20,10,6,0,1,1
9,772,12334,1,5,3,2,0,1,1
10,310,11030,2,15,7,4,0,1,1
10,1227,1009,2,25,7,4,0,1,1
5,1318,5838,3,5,13,6,0,1,1
25,1118,4673,2,10,4,4,0,1,1
21,941,862,3,5,6,5,0,1,2
10,1407,12475,2,15,5,5,0,1,1
9,445,1370,2,5,10,5,0,0,0
8,881,11427,3,20,5,5,0,1,1
0,885,8209,1,20,5,4,0,1,1
6,1060,158,2,5,14,6,1,0,2
10,218,5484,3,30,11,7,0,1,1
6,652,850,2,80,9,5,0,1,1
27,1106,4316,1,10,11,3,0,0,1
11,765,4208,2,50,8,5,1,0,2
3,175,5068,2,40,11,5,1,0,1
20,120,3899,2,5,8,8,0,1,1
4,1342,2801,2,25,8,4,0,1,2
10,70,1852,2,20,3,5,0,1,1
7,157,10624,1,0,6,3,0,1,1
22,119,1187,3,35,6,6,0,1,1
27,548,1440,4,100,2,10,0,0,2
8,597,11,2,0,6,5,0,0,0
20,323,12379,1,15,9,3,0,0,0
27,390,9360,3,995,10,10,1,1,2
7,238,6724,3,25,6,6,0,1,1
12,79,8112,3,30,6,9,1,0,2
4,926,4828,2,10,7,7,0,1,1
16,1410,6695,2,0,8,6,0,1,1
20,1243,2247,2,5,9,5,0,1,1
21,477,8993,2,5,10,5,0,0,2
26,302,5868,2,20,5,6,0,1,2
13,909,4578,1,5,3,3,0,1,1
27,548,3760,3,20,17,7,1,0,1
10,417,3007,2,25,5,5,0,1,2
27,548,3055,3,80,11,6,0,0,2
17,1240,1691,3,10,7,6,0,1,2
6,1022,8429,2,20,7,5,0,1,2
21,300,8288,3,0,6,6,0,1,2
6,706,7959,2,25,8,4,0,1,1
13,257,732,3,5,6,5,0,1,1
7,258,10075,2,20,5,6,0,1,2
10,76,59,2,5,6,4,0,1,1
21,1406,10862,3,0,8,6,0,1,1
17,1308,9358,2,20,8,7,0,1,2
7,641,2069,2,20,9,4,0,1,2
6,376,5049,2,40,8,5,0,1,2
20,1339,8556,2,5,3,4,0,1,0
8,678,9322,3,20,5,5,0,1,1
6,652,12041,3,40,9,7,0,1,1
7,238,12029,2,20,9,5,0,1,1
8,463,5839,1,20,4,2,0,1,2
25,889,10635,1,5,6,3,0,1,1
17,247,870,2,25,8,5,0,1,2
21,363,3306,3,30,5,5,0,1,1
20,215,12046,2,10,11,5,0,0,0
16,400,11014,1,15,17,3,0,1,2
10,310,48,2,5,6,4,1,1,1
0,536,9917,3,15,9,7,0,1,1
21,611,3060,3,20,4,6,0,1,1
6,539,6020,2,25,8,6,0,1,1
6,376,10236,2,35,6,5,1,0,1
30,73,2014,1,20,7,3,0,0,1
6,724,5644,2,15,7,6,0,1,1
7,322,11688,2,10,11,6,1,1,0
3,175,6924,4,20,15,12,0,0,0
17,682,6082,2,25,8,5,0,1,2
20,1402,10373,2,40,6,3,0,1,1
7,1421,4511,2,20,13,5,0,1,2
12,93,9745,2,10,6,5,0,1,1
6,460,6863,1,5,9,3,0,0,0
17,663,7897,3,25,9,7,0,1,2
26,1377,6207,1,15,5,4,0,0,1
8,1020,11195,1,10,15,2,0,1,1
14,1078,5736,2,45,10,5,0,1,1
1,1294,668,2,10,6,4,0,1,1
4,328,5548,3,25,3,5,0,1,1
7,749,8877,2,60,6,5,0,1,1
6,842,3517,3,20,11,6,1,0,2
20,953,3453,2,30,17,6,0,0,1
12,1249,2070,2,15,7,6,0,1,0
21,300,7845,3,20,6,6,0,1,2
8,501,8329,2,15,25,5,0,1,2
26,435,886,2,25,12,8,0,0,1
7,527,6093,2,0,8,5,0,1,1
17,992,3999,2,45,8,6,1,1,1
7,455,3401,2,10,11,5,0,1,1
6,671,11856,2,10,9,7,0,1,2
4,55,3099,2,10,5,5,0,1,1
27,181,3172,3,30,7,7,1,0,2
26,39,10445,1,0,6,2,0,0,1
26,1081,1531,1,0,9,3,0,0,0
17,663,4271,3,20,7,9,0,1,2
9,670,7949,2,0,8,6,0,0,1
7,630,4312,1,15,2,5,0,0,1
8,440,11188,2,15,4,5,0,1,1
20,1243,10983,2,40,6,5,0,1,1
5,841,6929,2,15,5,5,0,1,1
3,1006,2343,2,30,6,5,1,0,2
27,1155,5247,2,25,13,5,0,1,2
6,1241,7238,2,10,6,5,0,1,1
20,1134,9910,2,15,8,4,0,1,1
4,707,2875,2,40,5,5,0,1,1
26,39,85,1,0,6,3,0,0,0
20,158,3671,2,15,10,5,0,0,1
13,311,4412,2,5,8,5,0,1,1
30,1102,2912,2,20,7,7,0,1,1
13,808,6627,2,5,4,5,0,1,1
16,1410,5607,2,15,7,5,0,1,1
7,10,3002,2,35,10,7,0,1,1
0,1405,9723,2,10,7,6,0,1,1
3,1229,7251,2,20,6,7,0,1,1
4,1334,4279,4,10,22,13,0,0,0
26,753,2979,1,5,11,5,0,1,0
9,230,12430,2,20,10,6,0,0,1
8,41,5708,1,10,6,3,0,1,2
20,254,1423,3,5,3,4,0,0,2
21,363,3306,3,15,5,5,0,1,2
11,883,425,3,95,5,8,1,0,2
13,1310,7464,2,10,6,4,0,1,0
26,1401,11213,1,10,10,3,1,0,0
17,566,8505,1,40,13,3,0,1,2
7,430,1493,2,25,9,5,0,1,1
17,1011,10925,3,15,9,5,0,1,2
7,728,5682,2,15,3,6,1,1,1
2,1048,12169,2,5,10,5,0,1,1
10,825,899,2,20,9,5,0,0,1
7,728,5682,3,30,10,7,0,1,1
21,363,12093,3,15,6,6,0,1,2
27,1394,4186,2,20,9,5,1,1,1
7,1166,6034,2,5,8,5,0,1,1
7,838,1849,2,5,10,5,0,1,2
6,744,4616,2,35,6,5,0,1,1
9,230,3551,1,30,7,3,0,0,1
26,39,1851,1,25,28,3,0,0,0
17,21,12030,3,10,8,7,0,1,1
6,48,8461,2,35,6,5,0,1,2
26,1259,10252,1,5,11,5,0,0,0
27,1106,6874,3,45,8,6,1,0,2
6,453,2217,2,35,12,4,1,0,1
6,314,3855,2,10,6,7,0,1,1
15,1087,5628,2,20,6,4,0,1,1
0,536,5335,2,20,8,5,0,1,1
8,440,2980,2,5,10,5,0,1,2
30,1102,5589,2,10,6,5,0,1,1
6,314,4354,2,20,8,7,0,1,1
27,181,664,4,55,5,9,1,0,1
10,1007,3550,3,35,8,6,0,1,1
0,1274,2521,2,20,7,5,0,1,1
21,313,10014,2,20,6,3,0,1,1
6,376,10236,1,10,12,3,0,0,1
27,533,5800,2,10,18,7,1,0,2
21,30,3265,2,20,6,4,0,1,1
7,799,7208,2,10,7,6,0,0,0
21,9,12216,3,15,8,7,0,1,2
8,1414,5064,2,15,5,5,0,1,2
10,1250,4608,2,0,6,5,0,1,2
8,638,1824,2,25,7,6,0,1,2
16,1056,8359,2,15,13,5,0,1,2
16,1410,6695,2,55,12,6,0,1,1
20,251,10050,2,5,6,5,0,0,1
21,1128,11089,2,20,10,5,0,1,2
4,556,3208,1,0,4,2,0,0,0
26,39,10795,2,15,17,6,0,0,1
14,899,10631,2,25,8,4,0,1,1
7,773,10074,2,0,10,6,0,0,2
5,702,5717,2,30,7,5,0,1,1
26,1081,9627,1,15,7,3,0,1,1
21,107,9462,3,15,8,9,0,1,1
22,171,1122,1,20,8,2,0,1,1
13,1211,9085,2,5,5,6,0,1,1
9,670,7949,2,20,4,4,0,1,2
7,936,6859,2,25,4,6,0,1,1
28,168,527,1,25,9,3,0,1,2
6,1385,620,2,0,10,7,0,1,1
3,175,1292,3,70,4,6,1,0,1
2,708,10476,2,15,10,5,0,1,1
4,191,5918,2,15,13,7,0,1,1
18,1139,5311,2,20,5,5,0,1,2
17,811,12329,2,15,7,4,0,1,2
30,73,5721,1,20,16,3,0,1,1
17,984,2027,3,5,9,9,0,1,2
7,838,7704,2,0,9,4,0,1,1
20,158,2295,1,0,13,3,0,0,0
7,555,502,2,20,16,5,0,1,1
25,889,1534,2,40,5,6,0,1,1
11,765,5519,4,70,8,10,0,0,1
17,367,4731,1,30,9,2,0,1,2
10,712,1893,2,25,7,5,0,1,1
10,310,6799,2,15,3,4,1,0,0
17,367,10561,2,20,21,5,0,1,2
20,323,11048,2,0,11,5,0,0,1
16,1133,555,2,25,5,5,0,1,2
10,575,11644,2,15,8,5,0,1,1
5,851,10962,2,25,13,5,0,1,1
4,910,10853,2,30,7,4,0,1,1
3,1387,3863,4,100,7,9,0,0,1
3,574,8141,2,35,12,6,0,1,1
20,136,1372,2,10,5,4,0,1,1
27,269,5197,3,20,5,6,0,1,1
8,495,5936,2,5,2,6,0,1,2
21,1406,12062,3,35,5,5,0,1,2
20,1190,3732,2,5,6,6,0,1,1
7,157,10624,2,5,7,6,0,1,0
6,572,5686,2,5,8,5,0,1,1
27,181,12406,3,80,29,7,0,0,2
8,268,5059,1,0,19,3,0,1,1
18,371,7786,2,100,8,8,0,0,1
6,1350,5020,4,100,8,10,0,0,1
20,922,10283,2,0,5,5,0,1,2
25,889,5505,2,0,16,6,0,0,1
6,1041,912,3,25,8,7,0,1,1
3,1229,2403,3,40,6,8,1,0,2
20,1021,2035,1,0,5,3,0,0,0
27,181,5254,4,85,2,7,1,0,2
17,566,2239,3,30,7,7,1,1,2
4,1202,7243,2,15,4,5,0,1,2
11,660,4317,2,40,8,5,1,1,2
6,625,4484,2,35,7,7,0,1,1
20,174,11278,1,5,4,5,0,1,1
20,323,747,2,5,7,5,0,0,0
6,1253,4063,2,0,11,7,0,0,0
6,852,8328,3,25,8,8,0,1,1
20,1134,5241,1,0,8,2,0,0,1
13,213,801,2,30,7,5,0,1,1
27,1155,1757,3,35,18,8,0,1,2
11,765,682,4,50,9,9,1,0,1
19,507,2862,2,25,7,4,0,1,1
6,1108,1750,2,30,7,8,1,0,1
10,1007,5235,1,15,4,3,0,0,1
4,1235,3398,2,30,7,5,0,1,2
8,463,8236,3,10,13,9,0,0,0
6,457,8492,2,50,5,6,0,1,2
8,501,6132,3,30,8,7,0,1,2
8,206,1107,2,30,16,6,0,1,2
0,536,3117,2,20,11,5,0,1,1
17,980,7420,3,10,4,6,0,1,1
17,1357,4703,2,30,5,5,0,1,2
1,1072,927,2,25,2,6,0,1,1
8,558,1184,2,5,3,5,0,1,1
22,171,10840,2,40,15,5,0,1,2
26,761,2372,2,25,7,7,0,1,1
6,453,3656,3,20,11,7,1,0,2
0,252,8079,3,35,6,8,0,1,2
7,969,6746,2,0,5,7,0,1,1
8,95,6641,1,5,5,2,0,1,2
11,765,8332,2,20,8,7,1,1,2
26,36,11590,1,5,4,3,0,0,0
17,31,9104,2,10,6,4,0,1,1
26,39,9133,3,0,28,9,0,0,0
7,773,2785,1,0,9,4,0,0,2
26,1216,12073,2,5,17,6,0,0,1
18,677,2954,3,0,10,7,0,1,2
8,396,2245,1,20,2,4,0,1,1
27,1106,4316,2,5,10,6,0,0,0
9,546,267,1,15,5,3,0,0,0
10,356,7467,4,15,12,12,0,0,1
25,654,4286,1,20,7,3,0,1,1
25,745,6957,2,35,11,7,0,1,1
17,51,5945,3,35,7,7,0,1,2
20,1359,7526,1,5,3,2,0,0,1
7,545,10208,2,5,5,5,0,1,1
6,457,6232,2,25,6,6,0,1,1
13,213,801,2,0,6,5,0,1,1
11,765,2964,3,30,10,8,1,1,1
13,213,12477,1,5,7,2,0,1,1
7,728,5682,1,10,4,3,0,0,1
21,107,11846,2,35,18,5,0,1,2
0,1077,9907,3,25,7,7,0,1,1
21,107,4069,4,30,6,7,0,1,2
10,1250,11196,3,25,9,8,0,1,1
27,422,4159,2,15,7,6,0,1,1
5,226,8428,2,20,9,5,0,1,1
15,192,8500,2,50,8,5,1,0,1
17,811,12329,3,15,6,6,0,1,2
27,548,1119,3,30,23,10,1,0,2
13,20,3266,1,10,8,2,0,1,2
26,991,2757,2,20,9,5,0,0,0
21,782,3897,1,10,6,3,0,1,2
6,1350,10830,5,60,14,11,0,0,1
27,390,4262,3,10,4,5,1,0,2
8,678,9322,2,20,7,5,0,1,2
21,300,1325,2,10,6,5,0,1,2
0,604,5074,3,20,7,7,0,1,1
20,1134,3295,1,20,9,2,0,1,1
6,539,9886,2,80,7,5,0,1,1
9,772,1032,2,10,5,4,0,1,1
7,630,1618,1,30,5,3,0,1,1
26,1023,3233,1,0,17,3,0,0,0
4,1218,10769,2,15,6,4,0,1,1
6,54,12148,2,10,4,6,0,1,1
7,157,9272,2,15,7,6,0,1,1
4,484,530,3,10,7,6,0,1,1
6,744,1285,1,25,3,3,0,1,2
12,335,8845,2,20,4,5,0,1,1
10,735,519,2,0,4,4,1,1,1
21,107,11065,3,50,8,7,0,1,1
30,298,9089,2,20,10,5,0,1,1
5,404,3708,2,15,10,5,0,1,2
4,556,3157,2,25,6,5,0,1,1
6,398,10749,2,5,12,6,0,1,1
26,621,4282,2,0,7,3,0,1,1
26,1401,11213,2,30,11,7,0,1,1
21,1251,5264,3,5,7,6,0,1,2
6,830,169,1,15,5,3,0,1,1
10,690,9471,2,5,5,5,0,1,2
17,409,10426,2,40,7,7,0,1,2
10,1074,8048,1,15,10,3,0,1,1
8,1414,12319,1,0,6,3,0,0,1
6,48,6988,2,15,8,5,0,1,2
7,895,2140,2,20,5,4,0,1,1
27,1155,5535,2,35,9,7,0,1,2
7,936,3351,2,85,3,5,0,1,2
8,1029,5403,3,20,11,10,0,1,1
26,39,633,3,35,38,9,0,0,1
8,206,628,1,5,11,2,0,1,1
8,178,33,2,5,9,4,0,1,1
9,713,2965,1,10,6,3,0,0,1
9,445,921,1,10,7,3,0,0,2
4,484,10693,1,20,5,4,0,1,1
8,626,9901,2,10,5,4,0,1,2
11,660,1758,1,20,8,2,0,0,2
7,800,8176,2,50,8,4,0,1,1
10,76,5289,2,10,5,5,0,1,2
10,88,2677,2,15,4,5,1,1,2
17,1119,4844,2,20,4,6,0,1,2
25,843,1873,1,5,6,2,0,1,1
4,447,11568,2,5,7,4,0,1,2
24,1331,7826,3,25,6,7,0,1,0
6,1076,11424,2,80,8,6,0,1,1
10,356,8113,2,0,8,7,0,0,0
26,1110,3729,1,5,6,3,0,1,1
17,1357,4703,2,30,11,5,0,1,2
26,36,12061,2,5,7,5,0,0,0
10,575,3816,1,5,3,4,0,1,1
21,471,1182,3,55,6,5,0,1,1
6,275,6876,2,15,8,6,1,0,1
17,811,11295,3,35,7,5,0,1,2
6,1170,10542,3,25,5,6,1,1,1
7,423,7831,2,15,4,7,0,1,1
17,805,3943,3,5,10,6,0,1,2
3,574,6691,3,35,6,8,1,0,1
15,1338,8121,2,40,4,5,0,1,1
25,292,229,1,10,6,3,0,1,1
0,462,10250,1,5,3,2,0,1,1
6,384,11974,2,15,5,7,1,0,1
13,1376,884,1,50,5,4,0,1,0
9,445,1370,1,5,18,3,0,0,0
8,501,8329,2,35,18,5,0,1,2
4,1202,7243,2,10,3,5,0,1,1
17,1005,4495,2,0,7,4,0,1,2
20,481,11518,2,5,5,4,0,1,1
22,816,7405,2,20,4,4,0,1,1
24,958,4962,3,995,10,7,0,1,0
8,426,12261,3,45,6,9,0,1,1
11,883,11011,3,10,19,9,0,0,0
20,508,12421,2,0,13,4,0,0,1
27,181,1421,4,20,7,12,0,0,0
22,171,1122,2,15,9,4,0,1,1
0,793,6958,2,45,9,5,0,1,1
0,1405,7683,2,50,12,5,0,1,1
26,1401,3904,1,20,11,3,0,0,1
22,1152,7292,2,10,8,6,1,1,1
29,285,6423,2,0,3,5,0,1,1
20,251,1863,2,10,12,6,0,1,0
4,891,5319,3,15,8,7,0,1,0
17,721,11449,3,15,4,7,0,1,2
0,653,2234,2,25,5,4,0,1,1
13,531,8466,1,25,6,4,0,1,1
7,4,10344,2,30,8,4,0,1,2
17,343,4086,2,10,6,6,0,1,2
27,533,5435,2,40,10,6,1,0,2
20,174,8076,2,15,7,5,0,0,1
10,218,7209,1,10,7,2,0,1,1
6,1253,8759,4,25,6,8,0,0,2
15,1260,5869,3,10,7,5,0,1,1
8,463,4692,1,35,12,2,0,1,1
10,127,2410,3,30,11,7,0,1,1
4,40,3858,2,15,4,5,0,1,1
17,618,2018,3,50,6,6,0,1,2
21,169,12052,2,50,5,4,0,1,1
9,210,9132,2,15,12,5,1,1,1
17,680,273,2,25,18,5,0,1,2
10,405,3753,3,45,4,6,0,1,1
26,1215,10395,2,15,6,7,1,1,1
6,1076,10234,2,0,6,5,0,1,2
3,1229,7251,2,5,9,7,0,1,2
8,374,4551,2,30,5,5,0,1,2
26,1001,6366,1,0,5,2,0,0,0
27,1000,4403,2,30,8,5,0,0,2
21,9,2257,3,10,10,7,0,1,2
6,1108,5245,2,10,13,6,0,1,1
21,1326,4314,1,15,9,3,0,1,2
7,773,10074,2,20,7,5,0,0,2
9,230,1781,2,0,22,7,0,0,0
15,192,4859,1,50,2,3,0,1,1
10,70,627,2,5,8,4,0,1,2
6,1181,12263,2,25,5,7,0,1,0
26,1001,6626,2,10,7,5,0,0,1
10,1174,8867,2,20,5,5,0,1,1
0,1274,2151,2,15,6,6,1,1,2
6,275,7275,1,15,6,2,0,1,1
17,1030,9966,1,5,12,3,0,0,1
4,447,4140,2,20,5,5,0,1,2
6,724,2536,2,5,11,8,0,0,0
27,216,1128,2,20,7,7,0,1,1
21,363,6287,3,85,10,6,0,1,2
11,660,9636,4,90,9,8,0,0,2
27,533,1326,4,80,5,10,1,0,2
17,875,12427,2,15,6,5,0,1,2
21,111,7728,3,0,12,3,0,1,2
20,953,8190,2,5,6,4,0,0,1
27,422,9497,1,5,10,3,1,0,2
8,178,5506,2,25,10,4,0,1,1
22,816,7405,2,30,15,5,0,1,1
20,158,9229,2,10,7,6,0,0,1
8,1046,241,3,50,5,6,0,1,1
26,1028,5591,2,35,12,6,0,1,1
10,337,2327,2,5,4,5,0,1,2
6,1210,7175,2,20,6,6,0,1,2
13,634,10142,1,0,6,3,0,1,1
14,860,3334,3,20,7,5,0,1,1
4,1422,6502,2,5,9,6,0,1,1
11,765,8332,1,5,8,4,0,1,1
26,1001,11008,3,20,6,6,0,1,1
21,408,10610,2,25,55,8,0,1,1
4,588,3005,2,15,8,5,0,1,1
7,1283,1405,3,50,7,6,0,1,2
7,1188,4058,2,35,11,5,0,1,1
17,51,1979,3,30,11,5,0,1,2
26,621,3758,2,15,8,5,0,1,1
10,127,3309,2,0,5,5,0,0,0
26,74,12114,2,60,13,5,1,1,1
22,726,10485,2,20,12,5,0,1,0
26,1050,11785,2,0,3,5,0,0,1
3,1229,281,2,30,6,8,1,0,1
6,1181,11022,2,20,12,5,0,0,1
26,1028,10155,2,10,5,6,0,1,1
7,617,6880,2,0,14,5,0,1,2
25,349,1277,2,35,9,5,0,1,1
17,399,984,3,10,6,7,0,1,2
6,99,3837,2,0,5,5,0,1,2
27,1106,4316,3,60,8,7,1,0,2
6,457,8492,2,20,11,7,0,1,1
4,651,2456,2,5,3,5,0,1,1
21,471,106,3,35,7,7,0,1,1
25,58,10189,2,10,9,7,0,1,1
3,1387,3909,5,40,3,10,0,0,1
21,363,10839,3,0,15,9,0,0,1
6,845,2698,2,5,15,7,0,0,0
7,1166,6034,2,15,7,6,0,1,1
7,800,8176,2,20,7,4,0,1,1
25,889,7922,2,5,6,7,0,0,1
11,131,412,1,15,10,4,1,0,1
10,76,1841,2,0,11,7,0,0,1
17,984,5727,3,0,10,6,0,1,1
17,566,8116,3,45,7,7,0,1,2
7,49,5993,2,10,18,8,0,1,2
15,192,10168,2,65,10,5,1,0,1
0,614,8356,2,25,10,6,0,1,1
25,843,11372,2,15,7,4,0,1,1
26,1401,11213,2,15,10,7,0,0,1
6,1082,10127,3,40,17,8,0,1,1
1,1164,8293,2,15,7,5,0,1,1
25,889,6751,2,15,10,4,0,1,1
26,919,10593,2,20,8,5,0,1,1
27,390,4262,3,50,5,10,1,0,1
17,984,11419,3,0,12,8,0,1,2
20,1112,890,2,30,2,6,0,1,1
17,1196,6697,1,15,6,3,0,1,2
22,1113,12273,2,25,5,6,0,1,1
17,421,4166,1,5,6,3,1,1,1
8,1343,11730,2,35,7,4,0,1,2
20,261,11561,2,10,7,6,0,1,1
17,156,11612,2,15,6,5,0,1,2
17,930,3829,3,20,7,6,0,1,1
13,1083,6246,2,10,8,4,0,1,1
4,689,5142,2,20,6,5,0,1,1
8,1049,9986,1,0,13,3,0,1,0
7,936,10398,2,10,5,6,0,1,1
20,158,12327,2,5,16,5,0,0,1
17,618,2018,3,40,6,6,0,1,2
22,643,8245,1,10,15,3,0,0,1
9,546,4152,1,20,10,3,0,0,1
21,107,1965,3,30,11,6,0,1,1
17,399,2388,3,15,5,6,0,1,2
17,648,7082,2,10,9,5,0,1,2
26,1401,11213,2,15,9,6,0,1,1
17,682,1743,3,30,7,7,0,1,2
21,1219,7616,2,15,4,5,0,1,2
27,548,2513,1,0,6,3,0,1,1
10,138,9880,3,0,8,7,0,1,2
8,613,8037,2,10,13,5,0,1,2
4,616,3113,2,50,7,7,0,1,2
6,673,7819,4,20,5,13,0,0,0
26,39,11246,1,5,24,3,0,0,0
13,407,5806,1,10,6,5,0,1,2
11,521,9691,2,20,8,8,0,1,1
20,190,5803,2,10,5,5,0,1,1
20,832,8610,2,30,4,4,0,0,1
20,1112,5573,2,15,6,5,0,0,1
27,533,5435,2,5,7,6,1,0,2
13,1212,10997,2,25,5,4,0,1,1
27,548,3760,1,20,6,3,1,0,1
22,763,4002,1,15,14,3,0,1,1
16,1012,6223,3,5,8,7,0,1,1
20,254,5266,2,30,11,6,0,1,1
8,626,10415,2,45,5,5,0,1,2
7,10,10305,2,20,6,5,0,1,1
26,762,9130,2,30,18,7,1,1,1
10,488,954,3,15,3,6,0,1,1
22,355,9734,1,5,4,2,0,1,1
6,1168,4081,2,10,8,5,0,1,1
6,376,3292,3,20,7,6,1,0,1
11,765,3808,3,40,6,10,0,0,2
4,212,9399,1,0,7,2,0,1,2
20,500,8470,2,5,7,4,0,0,1
11,126,3066,2,35,6,4,0,1,2
17,1240,2868,3,30,4,8,0,1,2
7,430,316,2,20,6,4,0,1,1
8,881,10258,3,35,5,6,0,1,1
27,422,1092,3,50,9,7,1,0,2
15,535,3480,2,75,4,5,0,1,1
26,761,3137,2,15,7,7,0,0,1
22,378,12053,2,40,10,4,0,0,1
10,1127,11433,2,5,8,5,0,1,1
22,171,10384,1,20,9,3,0,1,2
6,1280,11832,2,25,10,8,0,1,1
11,883,4547,5,40,9,10,1,1,1
17,1080,1895,2,0,10,5,0,1,2
20,385,10589,2,10,11,5,0,1,1
8,268,4718,2,10,6,5,0,1,1
8,1373,8337,3,10,10,9,0,1,1
8,95,9145,1,0,3,2,0,0,0
27,533,5800,2,10,16,5,1,0,1
13,1376,10778,1,20,5,3,0,1,1
10,417,634,2,5,6,6,0,1,2
11,938,1459,2,10,5,7,1,1,2
8,1184,11643,2,0,11,5,0,1,1
8,268,4682,3,15,6,6,0,1,1
20,1138,5368,2,5,15,8,0,1,1
8,463,2917,3,45,8,7,1,0,1
20,236,3522,1,20,4,2,0,1,1
17,618,2018,2,0,6,4,0,1,2
12,43,1176,2,25,6,4,0,1,2
17,1026,4627,3,0,15,6,0,1,2
20,158,7928,2,0,8,5,0,1,1
17,682,1743,3,40,5,7,0,1,2
10,127,1307,3,65,5,7,0,1,1
12,339,10307,1,995,4,3,0,1,0
17,1275,7157,1,40,7,3,0,1,2
4,1282,1724,2,25,5,6,0,1,1
5,267,2173,2,30,6,5,0,1,0
17,992,776,2,20,7,5,0,1,2
20,1359,1810,2,0,8,5,0,1,1
10,1250,8241,2,40,5,5,0,1,1
27,422,9497,3,30,8,5,1,0,1
10,1250,4608,2,65,5,4,0,1,1
6,1384,1753,2,0,11,5,0,1,1
11,1071,10551,2,15,13,6,0,1,2
25,1065,2922,2,40,3,4,0,1,2
6,1060,4493,2,0,5,5,1,0,1
10,603,2986,2,20,7,6,0,1,1
4,891,6145,3,5,8,7,0,1,1
3,1229,8197,1,5,12,4,0,0,1
13,526,3387,2,20,4,6,0,1,2
4,369,10737,2,5,7,5,0,1,1
17,421,4166,1,15,4,3,0,1,2
22,763,4554,1,5,11,3,0,0,0
1,1169,1963,2,40,15,5,0,1,0
10,636,11671,1,5,7,3,0,1,2
17,1080,6609,2,5,8,4,0,1,1
13,1372,6478,2,15,6,5,0,1,1
20,281,2664,2,25,8,7,0,1,0
1,482,7372,2,20,8,4,0,1,1
20,788,4388,2,0,4,4,0,0,0
17,721,11449,2,0,4,6,0,1,2
6,932,210,2,15,8,6,0,1,1
21,581,11127,3,40,6,7,0,1,1
23,312,7591,2,35,7,5,1,1,1
3,574,7980,4,25,4,10,1,0,1
0,885,6210,2,15,3,5,0,1,1
7,255,12360,2,35,7,4,0,1,1
7,1411,12035,4,50,9,9,0,1,1
6,453,3656,2,15,11,6,0,1,1
2,370,6180,2,25,6,5,0,1,1
6,1206,3187,2,25,4,6,0,1,1
8,268,1498,2,5,14,4,0,1,1
12,1226,543,2,15,4,5,0,1,1
6,262,1785,2,45,9,8,0,1,1
17,198,12174,1,15,7,4,0,1,2
13,778,12528,2,35,7,4,0,1,1
11,1144,1214,2,30,6,6,0,1,1
8,1008,9561,3,10,5,8,0,1,1
6,516,7663,2,15,15,5,0,0,1
3,574,5765,3,35,11,9,1,0,2
27,269,11121,2,15,10,7,0,1,2
17,566,8116,3,5,6,8,0,1,2
11,883,1860,3,80,5,8,1,0,1
9,772,8030,1,15,3,2,0,1,1
4,926,4161,1,15,6,4,0,1,2
14,1367,5186,3,80,7,5,0,1,1
16,1056,264,2,30,12,5,0,1,2
3,1006,7021,3,35,10,7,1,0,1
5,1284,12375,2,20,10,5,0,1,1
20,1285,10632,2,5,10,6,0,0,1
4,447,11568,3,10,6,5,0,1,1
17,876,12119,2,10,12,5,0,1,2
26,897,1081,2,55,9,6,0,1,2
22,1088,9355,2,70,3,4,0,1,1
27,390,8710,4,70,7,10,1,1,1
13,128,1806,3,10,11,7,0,0,0
13,239,6349,2,0,3,6,0,1,2
12,1353,5160,3,80,17,5,0,1,1
8,172,479,2,20,7,5,0,1,2
8,1373,8624,2,25,7,6,0,1,1
26,753,1308,1,35,6,5,0,0,1
8,1073,738,2,10,5,5,0,1,1
27,548,7388,2,40,6,5,0,1,2
20,136,4638,2,5,7,3,0,0,0
16,1014,3506,2,5,7,5,0,1,1
20,832,8610,2,20,8,4,0,0,2
26,1081,7210,3,50,8,10,0,1,1
27,216,12323,3,20,8,6,1,0,1
10,804,9714,2,5,6,4,0,1,2
6,1181,6590,2,15,11,5,0,1,1
21,345,7907,2,10,4,5,0,1,2
17,1393,9534,3,5,9,6,0,1,2
8,1415,3525,3,20,5,8,0,1,1
21,935,3008,3,10,9,6,0,1,1
15,1162,8669,3,45,9,6,0,1,2
17,1308,2946,2,15,8,6,0,1,2
10,1382,8286,1,15,6,3,0,1,2
17,805,10132,2,15,6,4,0,1,2
9,230,10710,2,10,11,5,0,1,1
6,671,7129,2,40,5,6,0,1,1
4,388,12065,3,10,4,6,0,1,1
1,1294,668,2,25,12,4,0,1,1
6,376,5049,2,25,9,6,0,1,2
27,548,1440,2,100,5,5,1,0,2
9,445,10728,2,10,7,4,0,0,1
7,1166,406,2,5,6,5,1,0,1
27,422,2989,2,15,5,4,0,1,2
0,676,8029,2,5,4,5,0,1,1
16,352,3406,3,30,10,8,0,1,1
6,262,4256,2,0,5,6,0,0,0
17,797,11553,3,5,7,6,0,1,2
10,996,6735,2,15,6,6,0,1,2
13,606,11975,2,15,16,5,0,1,1
21,363,2214,2,5,7,5,0,1,1
21,107,8884,2,40,7,5,0,1,1
8,1029,3709,2,10,9,6,0,1,2
12,309,6941,2,35,7,6,0,1,2
7,799,1813,2,15,6,5,0,1,1
27,533,3675,2,20,11,5,0,1,2
13,1258,11828,2,15,7,5,0,1,1
4,71,1709,2,0,4,4,0,1,1
13,257,732,3,0,8,5,0,1,0
6,1277,9940,2,70,3,5,0,1,2
0,1302,3956,2,15,6,5,0,1,1
10,70,7648,2,0,4,5,0,0,0
27,181,7055,6,100,7,12,1,0,1
22,171,9395,2,25,9,5,0,1,1
13,1141,2728,3,25,8,7,0,1,2
1,1137,12461,2,15,6,5,0,1,1
4,328,413,3,30,10,6,0,1,1
10,661,8482,2,10,3,5,0,1,1
7,746,5011,2,5,14,7,0,1,1
17,1005,10979,2,15,7,4,0,1,1
13,1053,4756,1,10,5,5,1,1,1
14,1367,5544,2,15,6,4,0,1,1
21,935,5965,3,35,7,6,0,1,2
10,310,6799,1,0,4,2,0,1,0
21,727,4576,3,15,7,5,0,1,2
7,749,11087,2,30,16,5,0,1,1
13,1211,7068,1,50,9,2,0,1,1
26,1222,9015,1,15,9,4,0,1,1
20,173,2261,2,10,11,5,0,0,0
10,105,6939,1,5,3,3,0,1,2
21,30,4594,1,30,6,2,0,1,2
8,426,12261,3,15,4,9,0,1,1
20,1209,4345,1,15,5,2,0,1,2
17,992,9574,2,20,7,6,0,1,1
5,997,4538,2,20,7,6,0,1,1
10,603,4355,2,25,6,4,0,1,1
12,1107,7508,1,25,6,3,0,1,1
25,1335,4974,1,0,7,3,0,1,1
26,39,11246,2,20,35,7,0,0,1
6,1350,11991,4,15,14,11,0,0,0
6,1076,11424,2,15,11,6,0,1,2
6,724,3234,1,0,3,3,0,1,1
12,1084,7296,2,10,4,5,0,1,1
10,151,7723,3,20,11,9,0,0,1
25,843,2218,2,10,6,5,0,1,1
21,1128,4157,3,30,8,6,0,1,2
7,108,2895,2,10,8,5,0,1,1
20,1138,3011,2,5,18,11,1,0,1
10,1182,605,2,20,5,5,0,1,1
6,1082,10127,1,25,7,3,0,1,2
0,793,5027,1,5,14,3,0,0,0
20,158,2387,2,10,6,5,0,0,1
8,828,274,2,5,4,5,0,1,1
13,1365,10314,2,30,7,5,0,1,1
6,673,1677,3,35,9,7,1,0,1
15,535,9936,2,25,6,4,0,1,1
6,54,11463,2,20,4,6,0,1,1
4,1282,11047,1,30,3,3,0,1,1
22,1152,3526,2,10,7,5,0,1,1
27,1394,8990,3,60,11,9,0,0,1
2,862,4321,2,25,13,5,0,1,2
10,1182,414,1,5,3,6,0,1,1
11,883,2076,4,60,6,13,0,0,1
13,199,5694,3,5,11,6,0,1,0
13,128,5886,2,10,7,5,0,1,0
26,39,10445,1,20,15,3,0,0,1
12,284,4540,1,40,4,2,0,1,1
25,167,2485,2,10,9,5,0,1,1
16,1133,9097,1,45,3,3,0,1,1
20,517,269,2,5,8,7,0,1,2
13,311,4412,4,10,17,9,0,1,0
13,909,2315,2,15,5,5,0,1,1
10,1074,11185,2,25,10,5,0,1,2
26,39,11440,2,25,11,4,0,0,1
10,70,627,2,5,8,4,0,1,1
16,801,6322,3,30,10,7,0,1,1
27,181,3180,4,110,6,7,1,0,2
7,423,4989,2,40,5,6,0,1,2
20,11,11097,2,25,6,7,0,1,1
21,408,3320,3,15,4,7,0,1,1
13,1211,9827,1,30,11,2,0,1,1
8,95,7024,2,15,5,4,0,1,2
20,1021,10526,2,0,3,5,0,0,2
11,883,8864,4,40,3,8,0,0,1
25,889,9697,2,40,10,8,1,0,0
27,181,2503,4,55,23,12,0,0,1
7,799,5460,2,10,9,4,0,1,2
7,1421,9225,1,5,2,2,0,0,1
17,343,4042,2,25,7,6,0,1,2
27,533,2134,2,5,14,6,0,0,0
22,1113,7924,2,995,6,5,0,1,1
11,131,5837,3,5,8,9,0,0,1
6,1210,1237,2,10,5,5,0,1,1
10,88,8324,3,15,5,8,0,1,2
4,1282,1724,2,15,7,6,0,1,2
7,964,512,2,15,10,5,0,1,1
21,937,7160,3,0,9,9,0,0,1
13,557,385,2,0,5,7,0,1,0
25,211,3910,2,30,9,5,0,1,0
13,257,12437,3,10,10,5,0,1,0
6,933,7282,2,25,7,5,0,1,1
17,1005,1989,2,10,7,5,0,1,2
26,39,85,1,5,4,2,0,0,0
21,1093,4440,2,35,5,5,1,1,1
21,727,977,1,0,7,3,0,1,2
20,1161,1436,2,30,6,5,0,1,2
26,991,3697,2,10,6,4,0,1,1
7,964,10605,2,0,11,5,0,1,1
13,308,4749,2,5,5,5,0,1,1
15,1087,7359,2,10,5,4,0,1,2
7,969,10306,2,15,18,6,0,1,2
8,1004,11385,2,30,5,5,0,1,2
6,287,10436,3,5,6,7,0,1,1
0,793,9242,2,5,18,5,0,0,1
0,252,10930,2,45,8,6,0,1,1
7,641,8738,2,0,6,8,0,1,2
13,1376,10778,2,25,6,4,0,1,0
10,1227,2553,2,15,9,5,0,1,2
26,619,11241,2,5,6,5,0,1,0
26,39,11246,1,20,8,3,0,0,1
18,977,2847,2,5,8,5,0,1,2
26,621,3758,1,10,3,3,0,1,2
9,210,1198,1,0,4,3,0,0,1
26,1110,2549,2,5,6,4,0,1,1
27,1394,1270,4,50,12,8,0,1,1
13,239,8730,2,10,3,5,0,1,0
20,254,380,2,15,5,5,0,0,2
10,1127,1462,3,5,17,7,0,0,1
8,1114,8002,2,15,6,5,0,1,2
10,735,9387,2,5,8,5,0,1,1
16,1410,5607,2,10,6,5,0,1,1
25,1368,5851,1,5,6,3,0,1,1
8,1,2487,3,10,5,7,0,1,2
26,1132,5570,2,5,5,4,0,1,1
6,384,11974,2,50,8,7,1,0,1
27,548,11500,4,40,4,9,1,0,1
16,1300,11859,2,5,5,6,0,1,1
26,580,739,2,15,15,5,0,1,1
16,1404,9417,2,10,11,6,0,1,1
26,991,2170,2,5,4,5,0,0,0
27,181,4652,1,15,10,3,1,0,1
21,1251,5411,3,25,7,6,0,1,1
6,262,9278,2,5,10,8,0,1,1
8,41,8373,1,5,3,2,0,1,2
7,800,8176,2,70,10,5,0,1,1
3,720,6629,2,30,11,5,1,0,2
4,529,11062,2,20,8,4,0,1,1
8,1403,10719,2,40,5,5,0,1,1
26,36,6436,1,25,4,3,0,0,0
17,233,525,3,0,8,6,0,1,1
6,464,2807,2,30,4,5,0,1,1
3,720,4522,3,30,13,8,1,0,1
18,977,2847,2,25,6,5,0,1,2
16,38,10958,2,15,8,6,0,1,2
9,670,5977,2,20,5,5,0,0,1
17,682,5067,2,30,3,7,0,1,2
20,497,1052,1,15,4,5,0,1,1
6,931,8574,3,25,8,8,1,0,0
25,1186,3206,2,40,6,5,0,1,1
20,497,5255,1,5,4,5,0,1,2
11,660,1758,2,995,5,5,1,1,2
10,1174,9536,1,15,5,4,0,1,1
30,710,1448,2,15,7,5,0,1,1
7,10,10305,1,20,6,4,0,1,2
10,1207,12511,1,30,3,3,0,1,1
20,261,4052,2,15,6,6,0,0,1
6,287,6710,3,25,7,6,1,0,1
7,749,11262,2,30,9,5,0,1,2
4,55,7553,2,15,6,5,0,1,1
14,444,9010,2,35,7,5,0,1,2
9,1298,9437,1,10,7,3,0,1,2
7,157,5265,2,0,11,5,0,1,0
26,886,66,2,5,8,4,0,0,0
11,1416,3047,2,5,17,5,0,1,1
16,1410,11005,2,20,6,5,0,1,1
23,892,7668,2,15,8,7,1,0,1
6,376,10236,2,15,8,5,0,1,1
4,1422,6745,2,30,12,7,0,1,1
7,108,7942,2,20,5,7,0,1,2
10,488,12448,2,50,3,5,0,1,1
27,390,4423,4,60,5,13,0,0,2
8,501,10089,2,5,7,8,0,1,2
3,1006,8077,3,5,17,7,1,0,2
10,70,1852,2,65,4,5,0,1,1
9,772,9619,2,10,5,5,0,1,1
26,619,10175,1,25,5,4,0,1,2
7,225,11772,1,15,13,5,0,1,2
8,638,11683,3,15,12,8,0,1,1
4,734,265,3,0,6,6,0,1,1
17,566,3397,3,40,11,9,0,0,2
20,1209,4837,2,65,5,5,0,1,2
10,1407,8447,1,30,3,3,1,1,2
0,885,9332,2,40,7,5,0,1,1
17,984,5488,2,20,10,5,0,1,2
10,310,1144,2,25,8,4,0,1,1
6,141,8537,1,0,8,2,0,1,1
7,800,11755,3,25,7,5,0,0,1
27,390,8710,3,85,8,8,1,0,2
26,1259,1919,2,15,7,8,0,1,1
10,1174,9536,2,15,6,5,0,1,1
8,145,5981,3,50,5,6,0,1,2
10,712,6096,1,15,8,2,0,0,1
8,463,4692,2,0,19,5,0,0,0
27,181,3180,2,25,6,5,1,0,1
26,1377,4144,2,5,7,5,0,0,1
26,1023,9865,2,20,4,5,0,1,1
21,701,1688,3,10,12,7,0,1,1
26,1050,2504,1,10,6,3,0,0,1
3,1387,8014,4,25,7,8,0,0,2
10,1382,1903,2,25,7,5,1,0,1
10,87,7626,2,25,14,6,0,1,1
8,613,2667,3,5,19,7,0,1,1
10,1227,11029,3,20,7,9,0,1,2
14,1413,10703,2,20,8,6,0,1,1
6,464,9545,2,15,4,5,0,1,1
20,323,7336,1,0,9,3,0,0,0
11,765,10814,2,20,8,6,0,0,1
0,462,3111,3,20,6,6,0,1,1
30,380,8168,2,45,10,4,0,1,1
26,886,9266,2,20,11,5,0,0,0
26,39,11440,1,5,14,2,0,0,1
21,9,1729,2,20,8,7,0,1,2
17,414,11203,2,20,13,7,0,1,2
26,432,2920,1,10,6,5,0,0,1
21,1390,5072,1,15,6,2,0,1,2
18,29,2606,1,0,10,4,0,0,1
20,190,5803,2,20,4,5,0,1,1
10,661,571,1,5,14,3,0,1,2
10,337,11271,2,30,5,4,0,1,2
6,99,3880,2,20,8,6,0,1,1
13,778,9086,2,20,8,5,0,1,1
10,690,5768,2,10,3,4,0,0,2
0,163,6182,2,35,7,6,0,1,1
20,832,10432,2,0,5,3,0,1,1
13,213,447,3,5,13,7,0,1,1
25,889,12481,2,10,9,5,0,1,1
22,763,4554,1,20,12,3,0,1,0
21,1426,2464,3,995,6,6,0,1,2
18,256,7194,2,0,6,5,0,1,2
8,638,1824,2,5,7,7,0,1,1
7,895,11544,2,15,13,7,0,0,1
22,913,10768,2,20,6,6,0,1,1
10,960,7324,2,15,7,4,0,1,2
9,546,2921,1,15,7,3,0,0,1
5,851,11577,2,45,10,6,0,1,1
13,1159,395,2,0,5,4,0,1,1
6,48,6988,2,30,8,5,0,1,2
26,580,9508,2,30,11,5,0,1,1
27,422,10326,3,25,2,8,1,0,1
6,673,2937,3,15,13,8,1,0,1
17,409,10426,1,0,7,3,0,1,2
26,991,2757,2,10,6,5,0,1,1
10,151,5581,2,55,4,5,0,1,1
6,770,8158,2,20,7,6,0,1,1
6,1018,4932,3,0,13,10,0,1,1
7,129,1150,2,50,7,4,0,1,1
17,347,6043,3,30,6,5,0,1,2
16,547,10804,2,10,8,5,0,1,1
6,275,458,2,15,8,6,0,1,2
4,605,7510,3,25,34,5,0,1,1
17,618,1347,1,10,6,2,0,1,2
20,832,3971,2,0,8,5,0,1,1
13,1310,688,2,5,5,4,0,1,1
3,720,926,3,15,8,8,1,1,2
21,9,1430,3,15,6,6,0,1,2
17,1279,11282,3,25,7,11,0,1,2
12,24,2802,2,15,7,5,0,1,1
6,94,9264,2,25,7,6,0,1,2
8,1008,2243,2,30,6,4,0,1,2
12,1148,7977,2,60,7,5,0,1,1
8,900,1443,2,10,4,5,0,1,1
8,1114,8365,3,60,9,10,0,1,2
6,845,8916,3,30,11,7,1,0,1
6,287,12445,3,40,9,7,0,1,1
27,533,3707,3,25,39,9,1,0,2
27,1394,7659,4,15,15,12,0,0,1
6,673,2685,3,20,7,5,1,1,1
7,157,10624,2,10,7,5,0,1,1
20,1161,941,1,0,5,3,0,1,2
11,883,135,3,10,10,8,0,0,1
4,910,7735,2,80,4,5,0,1,1
6,1253,8759,4,0,12,10,0,0,0
20,215,8668,2,10,14,5,0,1,0
17,566,7914,1,0,29,3,0,1,1
27,1155,1757,2,25,3,5,1,0,1
4,605,6807,3,15,9,6,0,1,1
4,1334,9753,3,15,8,7,0,1,1
26,897,4090,2,10,7,7,0,1,0
30,710,1448,2,5,16,5,0,1,1
26,1401,7795,2,15,6,3,0,1,1
19,815,11674,2,15,6,4,0,1,2
6,1041,912,3,45,15,7,0,0,1
11,765,12112,3,25,13,8,1,0,1
27,181,664,5,115,5,11,1,0,2
21,581,9896,3,25,4,7,0,1,2
21,336,11052,2,10,7,5,0,1,2
4,334,8114,3,5,3,8,0,1,2
20,124,4808,2,20,9,6,0,1,1
26,36,8124,1,5,4,4,0,0,0
22,643,4687,2,40,13,6,0,1,1
8,1049,5308,3,20,5,6,0,1,2
9,210,11077,1,5,6,3,1,0,1
9,210,11077,1,10,15,3,0,0,1
7,157,9272,2,5,10,7,0,1,1
18,466,8467,2,0,10,4,0,1,2
6,652,1201,2,30,7,7,0,1,1
7,630,3318,1,0,5,2,0,1,2
4,72,1879,3,0,7,5,0,1,1
17,566,7914,3,45,8,6,0,0,2
6,673,3679,3,40,6,9,0,0,1
4,219,4306,2,60,8,4,0,1,1
27,1394,3168,2,35,6,4,0,1,1
9,568,6297,2,10,4,5,0,1,1
9,230,12430,1,5,12,3,0,0,1
26,1023,11319,1,0,3,3,0,0,0
27,390,4262,3,10,8,5,1,0,1
27,533,5435,2,15,9,7,1,0,1
10,76,2766,2,5,4,5,0,1,1
13,777,4461,1,20,4,3,0,1,1
10,1207,8379,3,25,11,7,0,1,1
0,681,46,2,10,10,4,0,1,1
3,574,1563,1,10,13,3,0,0,1
21,363,2537,1,0,2,2,0,0,0
6,487,7439,2,15,8,5,0,1,2
26,1132,2036,2,10,6,6,0,1,1
6,96,1887,3,0,8,7,0,1,1
7,838,10723,2,10,7,5,0,1,2
7,1015,7502,2,55,9,5,0,1,2
7,1421,2263,2,5,9,6,0,1,1
6,453,2217,3,80,8,6,1,0,2
6,460,9258,4,5,6,12,0,0,0
6,572,6230,2,25,7,5,0,1,1
27,548,10720,3,25,6,6,0,1,2
26,358,5659,2,20,8,5,0,1,1
11,131,11392,2,15,5,5,0,1,2
17,875,11703,2,40,9,4,0,1,1
13,557,5108,2,15,7,7,0,1,0
20,492,4721,2,20,8,4,0,1,1
26,36,7472,2,40,3,5,0,1,1
26,1132,8649,2,20,7,6,0,1,1
26,1050,11785,1,10,12,4,0,0,1
6,931,5423,2,50,7,7,1,1,1
8,640,8487,1,5,2,3,0,0,1
18,466,8467,1,15,15,2,0,0,2
10,88,1981,2,10,4,5,0,1,2
17,797,6150,3,25,7,6,0,1,2
21,30,3265,2,25,7,4,0,1,2
8,827,5290,2,35,12,5,0,1,2
6,932,12213,2,15,7,5,0,1,1
22,381,11162,2,25,7,5,0,1,1
10,636,942,2,5,9,6,0,1,2
22,171,2542,2,25,7,5,0,1,1
17,967,11382,2,20,7,5,0,1,2
13,1262,4005,3,0,2,5,0,1,1
6,673,2685,2,5,10,6,0,0,0
11,394,7470,2,0,7,5,0,1,2
26,1023,3233,2,5,17,6,0,0,0
11,1071,7012,2,35,12,6,0,1,1
17,980,2866,2,15,6,6,0,1,2
20,672,2787,2,10,5,6,0,1,1
10,575,2193,2,10,2,4,0,1,1
20,174,11278,1,15,4,4,0,1,1
17,1094,11133,2,40,19,5,0,1,1
11,1104,1230,1,5,8,3,0,1,2
7,746,95,3,20,7,7,0,1,1
17,1047,3631,3,15,10,6,0,1,2
8,600,157,2,10,5,7,0,1,1
25,769,7573,1,5,8,2,0,1,1
10,1055,12433,2,30,9,4,0,1,1
17,992,776,2,20,12,5,0,1,2
26,1401,8525,2,30,18,8,0,1,2
27,269,8299,3,5,11,8,0,0,1
15,602,7611,2,20,4,5,0,1,0
6,453,3656,3,30,8,6,1,1,2
16,352,4849,2,25,15,6,0,1,1
21,929,917,3,20,11,6,0,1,1
27,181,2607,4,70,13,8,0,1,1
6,652,5855,3,30,7,7,0,1,1
7,1328,11760,2,15,9,6,0,1,1
13,778,4008,2,10,12,5,0,1,2
17,347,11637,3,5,4,5,0,1,2
7,964,10605,3,20,14,6,0,1,1
10,1174,7710,1,0,6,5,0,1,1
26,1028,2299,2,25,7,5,0,1,1
26,621,9129,2,10,10,5,0,1,1
20,158,2452,2,10,7,5,0,1,2
25,700,5206,2,50,3,4,0,1,2
20,1021,9646,2,10,6,7,0,1,1
7,800,12129,2,20,5,4,0,1,1
13,1141,2728,2,25,7,6,0,1,2
11,883,4547,5,80,8,11,0,1,2
11,1416,2350,2,10,15,7,0,1,2
8,178,9925,2,20,11,5,0,1,2
8,1073,2743,3,25,7,6,0,1,1
8,1114,8786,2,10,8,7,0,1,2
16,1300,8887,2,15,13,6,0,1,1
13,531,6475,2,0,10,5,0,1,1
6,855,8901,2,75,8,7,0,1,2
4,334,10010,3,15,3,7,0,1,1
10,996,9751,3,30,7,8,0,1,2
7,617,7123,1,10,7,2,0,1,2
20,158,621,1,5,4,3,0,0,1
7,641,8847,2,30,3,5,0,1,1
21,937,7705,3,50,6,7,0,1,2
3,574,8141,2,10,16,6,1,0,2
6,314,3879,2,30,13,7,0,1,1
7,709,4462,2,10,7,5,0,1,1
27,1394,7659,4,10,20,10,0,0,0
20,323,1478,2,5,13,6,0,0,2
20,922,11608,2,10,9,4,0,1,1
7,258,2475,1,20,14,3,0,1,2
3,1387,2791,3,70,3,7,1,0,1
10,1397,3786,2,35,6,5,0,1,2
6,1076,462,2,20,7,8,0,1,2
8,979,8059,2,5,7,5,0,1,1
7,555,11805,2,20,8,4,0,1,1
17,682,1743,3,0,8,7,0,1,2
8,178,9925,1,10,8,2,0,1,2
13,239,6349,2,15,3,4,0,1,2
25,1186,11742,2,35,7,4,0,1,1
7,84,7879,2,55,5,4,0,1,1
7,4,7564,3,25,12,9,0,1,1
13,778,4008,2,15,7,4,0,1,2
8,463,5839,2,5,6,6,0,0,1
4,707,2875,2,40,4,5,0,1,1
9,713,5213,1,5,11,3,0,0,1
11,660,12077,1,0,8,3,1,0,2
13,925,10601,2,15,6,5,0,1,1
16,1056,264,3,20,16,8,0,1,1
12,1148,4765,2,10,3,4,0,1,2
26,203,11079,2,0,6,6,0,1,0
6,673,6047,2,0,12,7,1,0,1
6,376,1025,2,25,9,7,0,0,1
7,10,3002,2,20,5,5,0,1,1
13,526,6992,2,0,8,7,0,1,1
20,1190,7598,1,45,4,4,0,1,1
13,503,794,2,15,6,5,0,1,1
7,4,7406,2,80,4,4,0,1,1
26,1401,2557,2,10,10,4,0,1,1
20,863,3798,2,0,8,6,0,1,0
15,1087,6015,1,0,4,2,0,0,1
7,904,4730,2,25,3,4,0,1,2
0,757,8872,2,45,8,6,0,1,1
20,158,12327,2,10,14,4,0,0,1
7,709,12270,1,0,4,3,0,1,2
11,883,3074,4,80,7,11,1,0,1
6,464,9545,2,40,6,7,0,1,1
5,814,4845,3,10,9,6,0,1,1
20,173,3647,2,5,10,5,0,0,0
7,1273,8727,2,5,8,7,0,1,1
4,369,11904,1,15,6,3,0,1,2
17,1393,9534,3,15,11,6,0,1,2
8,433,3638,1,0,17,3,0,0,0
6,1082,7539,3,80,8,8,0,1,2
0,757,4925,2,35,5,7,0,1,1
22,880,8799,3,35,8,7,0,1,1
22,763,5817,2,10,15,5,0,1,1
14,985,1026,3,25,6,8,0,1,1
24,628,6963,2,30,15,5,0,1,0
8,1403,6935,2,15,5,6,0,1,2
6,706,11722,1,0,2,3,0,0,1
7,695,3322,2,30,5,4,0,1,1
4,388,2533,2,5,10,5,0,1,1
6,275,8254,3,35,9,8,0,1,1
17,869,12102,2,5,9,5,0,1,1
25,296,12045,2,50,15,5,0,1,1
20,922,11608,2,10,7,4,0,1,2
17,905,8256,2,20,6,4,0,1,2
26,762,742,2,5,16,5,0,1,1
10,1203,8172,3,5,9,7,0,1,2
20,832,12208,2,30,6,4,0,1,1
7,333,4107,2,15,8,5,0,1,1
3,1006,333,3,30,11,8,1,0,1
6,1253,10216,3,5,11,9,0,0,0
7,695,3322,2,25,6,4,0,1,2
3,1229,1099,2,35,6,4,0,1,2
21,274,3076,3,10,5,6,0,1,1
26,991,5422,2,5,6,5,0,0,1
8,396,4772,2,10,5,5,0,1,2
26,621,8381,2,20,5,4,0,1,1
9,210,6995,1,10,11,3,0,0,1
20,158,9229,1,5,6,3,0,0,1
10,88,5416,2,45,4,4,0,1,2
1,122,9793,3,15,22,6,0,1,1
7,838,6448,2,30,6,5,0,1,2
13,257,7285,2,25,2,5,1,0,1
6,770,2702,2,0,5,4,0,1,1
9,26,4867,2,25,10,6,0,0,1
20,261,11561,2,20,7,6,0,1,1
5,851,11695,2,10,8,5,0,1,1
3,1387,2486,3,20,19,9,0,0,0
6,1385,631,2,995,4,3,0,1,1
0,793,9242,3,25,13,7,0,1,1
20,11,4744,3,20,6,7,0,1,1
6,933,825,2,0,7,5,0,1,1
21,1390,469,1,0,5,2,0,1,2
20,323,1478,1,5,4,3,0,0,1
20,190,4835,1,25,4,5,0,1,1
6,460,6863,1,5,13,3,0,0,0
30,1304,4916,2,30,8,4,0,1,1
8,613,7319,3,35,11,7,0,1,1
6,464,2807,2,10,4,5,0,1,1
5,576,863,3,30,8,6,0,1,1
0,946,11780,2,50,6,5,0,1,2
6,855,10784,2,80,8,6,0,1,2
27,1000,659,3,30,7,7,1,0,2
27,533,1326,3,50,4,8,1,0,2
10,405,4104,2,0,7,4,0,1,1
3,1006,6167,4,45,4,10,1,0,2
8,1221,2795,2,5,11,6,0,1,2
3,574,3150,3,15,14,9,0,0,1
4,699,8140,2,0,6,5,0,1,0
11,155,9181,3,45,9,10,0,1,2
16,1176,1482,2,5,9,4,0,1,1
26,1089,9062,1,0,5,3,0,1,0
17,1183,3257,3,85,9,8,0,1,2
3,574,6691,3,30,6,7,1,0,1
26,264,10882,2,20,11,5,0,0,1
11,164,8561,3,80,7,9,0,0,2
17,1119,10497,2,30,7,5,0,1,2
17,811,10848,2,50,7,4,0,1,2
26,36,7472,1,0,7,4,0,0,1
20,719,12016,2,5,6,5,0,0,0
9,445,7154,2,15,11,5,0,0,2
25,889,5623,2,15,12,5,0,1,1
13,1212,2375,1,5,4,3,0,1,0
4,972,12444,2,0,5,6,0,1,1
10,1074,2382,2,5,5,4,0,1,2
21,46,9456,3,20,6,5,0,1,1
10,996,2248,3,5,13,10,0,1,2
22,726,10069,2,60,10,6,0,1,1
17,80,2538,3,10,11,5,0,1,2
11,765,2964,3,10,13,9,0,0,0
21,611,3060,3,20,6,6,0,1,1
0,885,11635,2,30,6,5,0,1,1
4,484,11114,2,0,7,6,0,1,1
26,432,10609,2,10,6,7,0,1,1
6,275,9576,2,15,7,4,0,1,2
21,140,4754,3,25,5,7,0,1,2
20,214,10569,1,25,3,2,0,1,0
26,919,8067,2,15,3,4,0,1,2
8,495,3462,2,5,8,6,0,1,2
8,440,12299,2,5,13,6,1,0,1
7,544,1651,3,40,8,4,0,1,2
4,212,9399,2,50,6,5,0,1,1
7,238,5242,2,30,6,4,0,1,1
4,1095,5568,2,0,6,5,0,1,2
21,1419,3496,1,10,6,4,0,1,2
6,141,5172,2,80,6,5,0,1,2
3,175,6924,8,5,100,26,0,0,1
7,258,4827,2,25,7,4,0,1,2
11,147,10653,3,70,4,6,1,0,2
20,136,1372,2,5,7,4,0,0,1
8,172,7334,2,15,6,5,0,1,2
4,651,12527,2,20,4,5,0,1,1
20,342,9385,2,80,7,4,0,1,2
17,446,8159,1,0,5,3,0,1,2
6,187,2527,3,5,7,5,0,1,1
21,1219,349,1,0,4,3,0,1,1
13,1212,7228,1,5,4,3,0,1,1
6,673,2803,2,15,5,5,0,0,1
26,1001,12258,2,0,6,5,0,0,0
4,71,8753,3,0,4,6,0,1,2
17,198,12116,2,15,9,5,0,1,2
20,174,8076,2,10,7,5,0,1,1
10,735,10221,2,20,15,6,1,1,1
8,1425,11135,3,45,11,6,0,1,2
10,996,11501,2,5,5,7,0,1,0
11,155,9162,2,35,6,8,0,1,2
16,246,416,2,15,6,6,1,1,1
10,83,1540,2,5,5,5,0,1,2
16,1300,4866,1,5,7,3,0,1,1
6,1076,462,2,55,13,8,0,1,2
0,1077,4447,3,40,7,7,0,1,1
12,667,8421,1,25,5,3,0,1,1
6,744,5752,2,75,6,5,0,1,1
7,1273,8727,2,35,13,7,0,1,1
8,640,8487,3,15,9,6,0,1,2
10,1227,1225,2,30,7,6,0,1,2
27,181,3563,3,100,2,6,1,0,1
26,39,11246,1,5,9,3,0,0,1
17,1393,9534,2,30,8,5,0,1,2
17,682,1743,2,20,4,4,0,1,2
15,535,6548,2,10,10,5,0,1,1
26,621,6842,1,5,6,2,0,1,1
7,10,10305,1,0,9,3,0,0,1
6,845,985,1,10,7,3,0,0,0
6,565,5275,2,5,5,6,0,1,2
4,972,12183,2,0,9,5,0,1,0
5,836,8719,2,5,8,5,0,1,1
7,749,3493,2,100,10,5,0,1,2
21,345,7907,3,5,6,7,0,1,2
20,832,8610,2,10,4,4,0,0,1
8,900,1282,2,20,8,6,0,1,2
17,1357,3408,1,15,6,2,0,1,2
21,46,3838,3,10,6,5,0,1,1
1,65,1173,1,0,10,3,0,1,1
21,313,11296,3,15,8,5,0,1,2
20,1243,4587,2,5,10,7,0,1,2
10,138,12233,1,0,50,3,0,1,2
10,996,12420,3,0,7,8,0,0,1
27,269,1521,2,50,14,5,1,1,1
17,1080,4391,3,20,7,7,0,1,2
20,385,8073,2,5,11,5,0,1,1
10,1250,1126,3,25,5,6,0,1,1
17,1030,606,1,25,17,3,0,1,2
18,977,716,2,5,3,3,0,1,2
11,883,7369,4,45,13,9,0,0,1
7,258,4827,2,30,6,4,0,1,2
18,466,6410,2,10,5,4,0,1,2
6,1108,6348,2,10,8,8,1,0,0
17,1026,10572,2,30,6,4,0,1,2
2,242,6661,2,5,13,6,0,1,2
17,1026,7521,3,10,9,6,0,1,2
18,466,1803,2,25,5,5,0,1,2
11,883,10852,5,45,4,10,0,0,1
2,708,3041,2,15,11,5,0,1,1
3,1387,6175,5,90,11,10,1,0,1
30,266,9993,2,10,6,5,0,1,1
26,39,1851,1,5,14,3,0,0,1
8,613,7773,3,30,14,6,0,1,1
1,273,8384,2,20,10,5,0,1,0
8,597,3490,3,10,5,6,0,1,2
4,519,10792,3,0,9,8,0,1,2
4,910,7007,2,30,7,2,0,1,1
6,572,10706,2,10,7,5,0,1,1
26,358,5659,2,0,8,5,0,1,2
13,557,4056,2,10,6,7,0,1,0
6,1108,6348,2,15,7,8,0,1,1
10,105,3848,1,10,3,3,0,1,2
17,80,3950,2,15,8,4,0,1,1
6,287,10436,2,5,7,5,0,1,1
17,409,2383,2,55,9,7,0,1,2
3,720,6917,2,20,6,5,0,1,2
5,1228,8144,3,35,6,6,0,1,0
26,203,7438,1,30,5,5,0,1,1
10,1250,9353,2,0,6,5,0,1,1
20,1402,10373,2,15,5,3,0,1,1
26,203,532,1,5,8,2,0,1,0
4,926,4828,2,15,6,6,0,1,1
8,440,10144,3,40,11,7,0,1,1
21,111,11714,2,10,9,5,0,1,2
3,720,11621,2,15,4,5,0,1,1
18,371,10351,2,5,10,8,0,0,1
17,306,6094,2,5,6,4,0,1,2
21,313,7213,3,10,11,6,0,1,1
6,1126,11865,2,15,6,5,0,1,2
10,996,11501,1,10,2,2,0,1,1
13,373,2720,2,5,11,5,0,1,1
20,517,6489,2,10,8,7,0,1,1
21,1195,4249,2,25,7,6,0,1,1
3,720,3629,2,20,20,5,1,0,1
8,767,8613,2,30,13,7,1,0,1
11,1144,563,2,10,8,6,0,1,1
21,1219,2705,3,65,8,5,0,1,1
8,558,528,3,15,16,8,0,1,1
11,164,4014,3,75,5,8,1,0,1
21,46,6790,2,5,11,4,0,1,1
17,1045,6312,3,15,9,8,0,1,2
26,39,11440,1,10,13,3,0,0,0
3,1387,8014,3,90,6,6,0,0,2
14,1027,11833,2,25,6,5,0,1,1
3,175,8897,4,35,3,8,1,1,2
25,419,5725,2,995,8,4,0,1,1
7,108,2029,2,10,7,5,0,1,1
6,104,11366,2,25,10,5,0,1,1
22,171,7722,2,30,6,6,0,1,2
20,190,5803,2,10,5,5,0,1,2
20,863,11793,2,0,7,6,0,0,1
7,695,2526,2,0,4,4,0,1,1
4,1389,2013,3,10,9,7,0,1,1
6,376,11743,2,15,11,5,1,1,1
8,1,7994,3,10,7,7,0,1,1
6,1253,4063,2,35,7,5,1,0,1
20,158,2452,1,0,7,3,0,0,0
8,1414,11124,3,15,4,5,0,1,2
17,1080,4482,2,35,10,3,0,1,2
9,713,8792,2,30,8,6,0,0,1
26,264,453,2,15,10,5,0,1,1
20,508,10459,1,5,5,4,0,0,0
20,1243,4841,2,25,6,5,0,1,2
6,845,2698,4,30,7,12,0,0,1
17,263,5175,2,5,8,4,0,1,2
8,1049,1404,1,15,7,3,0,1,2
26,36,8789,1,40,2,3,0,0,0
27,548,9673,1,0,7,2,0,0,1
17,399,12227,2,15,6,6,0,1,2
7,718,7212,2,60,7,4,0,1,2
14,911,5713,1,10,8,3,0,1,2
26,240,9611,2,45,7,5,0,1,1
17,1381,12162,3,85,7,7,0,1,2
8,1020,11195,3,0,8,6,0,1,1
8,638,7149,1,10,7,4,0,1,1
6,855,9424,2,25,8,6,0,1,2
10,417,3007,2,15,4,5,0,1,2
8,1415,1898,2,35,5,7,0,1,1
10,1382,5036,2,15,5,5,0,1,2
26,39,633,2,5,12,7,0,0,1
3,1229,1099,2,25,9,5,0,1,1
25,167,2485,2,25,9,5,0,1,1
11,660,9780,2,60,6,5,0,1,2
6,262,12508,2,15,9,7,1,1,2
6,1210,1237,2,15,11,5,0,1,1
6,1277,9940,2,20,5,5,0,1,1
27,1000,9207,3,25,15,8,1,0,2
21,701,1723,3,10,12,9,0,1,2
6,1255,4399,1,20,6,4,0,1,1
6,855,2519,2,40,11,8,0,1,1
8,98,6200,1,60,5,3,0,1,2
10,127,11757,2,25,5,4,0,1,1
3,1387,3863,4,65,9,9,0,0,1
6,1206,291,2,45,6,7,0,1,1
10,712,6458,2,25,10,4,0,1,1
4,514,9618,2,45,4,5,0,1,1
8,1,7994,3,35,5,7,0,1,1
12,1261,8038,2,20,6,4,0,1,1
30,710,8362,1,0,8,4,0,0,0
6,931,10256,3,10,11,8,0,0,1
7,799,7208,1,5,7,3,0,0,1
27,548,4339,2,20,5,7,1,1,1
9,230,1781,1,10,12,3,0,0,1
13,199,5314,1,40,9,2,0,1,1
4,556,7674,2,15,5,5,0,1,1
7,10,3146,2,40,5,5,0,1,1
18,639,3504,2,25,9,6,0,1,2
9,445,921,1,10,12,3,0,0,2
6,1181,12263,2,0,51,6,0,0,0
6,464,2524,2,40,7,7,0,1,1
6,1181,3301,3,20,9,7,0,1,2
26,1222,4471,1,15,11,3,0,1,1
4,72,4735,2,10,8,7,0,1,1
7,4,10135,2,30,8,6,0,1,2
13,1365,10314,2,10,6,5,0,1,1
21,839,9944,3,5,12,7,0,1,2
26,424,3470,1,15,8,3,0,1,1
13,1372,364,2,35,6,5,0,1,1
20,1402,9001,2,15,6,4,0,1,1
26,1001,11008,3,15,6,6,0,1,2
26,991,3697,2,10,6,5,0,0,0
10,1182,7664,3,30,3,7,0,1,2
17,1327,8653,3,10,11,8,0,1,1
21,819,7059,2,10,5,5,0,1,2
7,7,11522,2,0,7,3,0,1,1
22,913,11332,2,20,4,5,0,1,1
11,660,1758,2,10,6,5,0,0,1
13,1083,5689,2,50,11,5,0,1,1
8,1415,3720,2,5,8,7,0,1,2
17,1352,4953,2,15,7,5,0,1,2
26,491,2258,1,15,6,2,0,1,2
21,1426,10499,2,0,5,4,0,1,1
26,39,2005,2,15,27,7,0,0,1
6,1210,1237,2,10,6,5,0,1,2
6,449,484,1,20,9,3,0,1,1
27,548,6560,2,20,14,6,0,1,2
9,1151,6179,1,20,3,2,0,1,1
10,1055,11945,2,10,5,6,0,1,1
4,734,8313,3,25,6,5,0,1,1
11,660,9636,4,80,6,8,0,0,2
6,376,11743,2,40,13,6,0,1,1
12,284,10013,2,15,7,4,0,1,1
17,1045,11353,2,40,7,6,0,1,2
17,1381,482,3,10,13,7,0,1,2
22,763,4002,1,10,13,3,0,1,1
20,281,3033,2,45,6,6,0,1,0
13,1212,6836,2,5,6,4,0,1,1
9,568,996,1,10,6,3,0,1,1
7,728,9509,3,20,5,6,0,1,1
6,262,12508,1,5,5,2,1,0,2
9,230,1944,1,5,13,3,0,0,1
6,1108,5909,2,20,6,7,1,0,1
26,991,2170,1,10,5,3,0,0,1
26,39,9133,1,5,6,3,0,0,1
7,773,11691,1,10,2,4,0,0,2
8,534,6424,2,5,6,5,0,1,1
25,745,8068,1,5,5,2,0,1,1
17,682,1743,2,15,7,5,0,1,2
10,735,10221,3,30,6,6,0,1,1
4,512,8291,2,10,8,5,0,1,1
27,216,1128,2,30,7,7,0,1,1
6,845,5874,3,50,14,6,0,0,1
8,433,12401,3,20,9,7,0,1,1
8,626,9901,2,40,4,4,0,1,2
7,709,9201,2,10,7,4,0,1,1
7,838,7704,2,20,7,4,0,1,2
26,110,2072,3,35,11,10,0,1,1
17,1198,3115,3,15,13,7,0,1,2
17,967,7932,1,10,23,3,0,0,1
10,105,2639,2,40,5,4,0,1,2
6,845,7126,2,50,9,6,0,0,2
17,303,9453,3,10,3,6,0,1,1
20,492,4721,2,5,6,4,0,1,1
10,803,5136,3,10,6,7,0,1,2
1,1169,1536,2,10,11,5,0,1,2
26,919,9760,1,0,4,3,0,0,0
21,30,6008,2,20,6,4,0,1,2
21,701,8691,3,30,6,7,0,1,2
3,1387,8023,4,30,14,8,0,0,1
22,171,10384,1,10,8,2,0,0,2
8,495,2758,2,25,4,6,0,1,2
2,85,8249,2,25,14,5,0,1,2
26,264,10882,2,15,4,4,0,0,1
26,1001,171,1,0,11,2,0,0,1
0,549,3436,2,50,6,5,0,1,1
4,1334,4279,3,20,7,6,0,1,1
17,1381,1231,1,0,3,3,0,1,2
11,883,7107,4,25,7,8,0,1,1
7,258,1869,1,10,6,3,0,1,2
24,628,6098,1,10,4,3,0,1,1
20,517,9118,2,15,4,5,0,1,1
3,1387,8564,4,95,11,9,1,0,1
27,422,9497,3,20,15,9,0,0,0
6,1384,501,2,20,10,5,0,1,1
27,548,4339,2,20,10,8,1,0,2
17,51,8163,3,35,8,7,0,1,2
20,517,943,2,20,7,7,0,1,1
25,1186,2409,2,10,6,4,0,1,1
8,979,9327,1,10,5,3,0,1,2
4,219,811,2,30,8,4,0,1,1
3,720,3321,2,40,8,6,0,1,2
4,1422,8344,1,80,4,3,0,1,1
16,246,416,2,20,11,8,0,1,1
1,1294,861,3,10,13,8,0,1,1
13,925,7762,2,20,5,5,0,1,1
6,673,4283,2,0,21,6,0,0,1
21,30,672,2,10,8,4,0,1,2
16,352,4849,3,10,10,7,0,1,1
0,946,2286,3,20,6,8,0,0,1
22,1131,4971,2,50,11,4,0,1,1
0,946,431,2,20,5,5,0,0,1
26,39,2005,1,5,10,3,0,0,2
16,547,25,2,10,14,5,0,1,1
8,678,7474,1,0,7,3,0,1,1
27,1106,4316,3,30,15,9,1,0,2
3,1387,925,4,40,3,8,0,0,1
11,660,2390,2,5,9,6,0,1,2
6,275,12385,1,0,3,2,0,1,2
1,1169,11503,2,90,11,5,1,1,2
17,1393,11066,3,15,13,7,0,1,2
10,310,11030,2,0,9,5,0,1,2
22,1366,5510,2,0,4,5,0,1,1
6,724,7981,2,5,10,7,0,0,1
10,1174,4101,2,45,5,7,0,1,2
4,450,4633,3,30,6,7,0,1,1
21,929,917,3,25,7,6,0,1,1
17,876,11221,1,15,13,3,0,1,2
13,1160,1862,2,15,9,5,0,1,1
27,1394,7368,2,20,17,5,0,0,1
10,1174,7207,1,10,6,3,0,1,1
12,1226,9804,2,30,5,5,0,1,1
13,1365,2007,2,15,7,4,0,1,1
27,1394,10867,3,15,11,10,0,1,1
17,957,8213,3,995,5,7,0,1,1
10,760,11514,2,80,3,4,0,1,2
21,363,12277,2,5,6,4,0,1,2
17,1327,11863,3,10,7,7,0,1,2
9,546,2067,1,15,8,3,0,0,1
26,227,4941,1,45,4,4,0,1,1
7,49,7507,2,10,4,8,0,1,2
21,941,3013,3,25,7,5,0,1,2
21,363,3485,3,25,8,8,0,1,1
21,1185,5754,2,0,3,4,0,1,2
7,773,11691,1,0,4,4,0,0,2
27,181,5304,3,55,9,6,1,0,2
6,673,2685,1,10,8,3,0,0,1
7,157,10624,1,95,9,3,0,0,0
7,545,9356,2,35,5,5,0,1,1
26,1401,2557,2,10,7,5,0,0,0
27,1394,676,1,0,6,3,0,0,0
7,108,11999,2,50,7,5,0,1,1
18,639,3504,2,0,6,6,0,1,1
26,36,7472,2,15,5,6,0,0,1
17,876,6007,2,5,17,5,0,1,2
21,111,8798,2,70,3,7,0,1,2
10,1055,10918,1,15,2,3,0,1,1
17,944,12348,2,55,7,4,0,1,2
6,1060,1832,2,15,12,9,0,1,2
8,1,7994,3,10,5,7,0,1,1
20,1378,8,2,0,8,5,0,1,1
26,1259,10252,1,0,11,5,0,1,0
18,134,9275,2,10,8,4,0,1,2
10,690,9471,2,20,5,5,0,1,2
10,356,263,2,5,4,5,0,1,1
7,709,4462,2,0,13,6,0,0,0
21,1219,7616,2,25,7,5,0,1,1
6,845,985,5,5,9,16,0,0,0
10,804,8628,1,20,2,4,0,1,2
27,181,2627,3,40,28,11,0,0,1
26,39,1851,1,25,12,2,0,0,1
10,636,942,1,30,7,2,0,1,1
10,70,9429,2,10,5,4,0,1,1
22,942,4516,2,15,4,5,0,1,1
18,977,10056,2,30,3,4,0,1,2
27,1155,4278,3,25,15,8,1,0,2
4,514,9618,2,35,10,4,0,1,1
4,1276,2337,2,10,6,6,0,1,2
7,904,1886,2,0,4,6,0,1,0
6,994,5654,2,20,6,4,0,1,1
8,1425,12125,2,30,7,7,0,1,2
17,1080,4391,2,20,6,5,0,1,2
16,1012,375,3,10,7,7,0,1,1
6,1018,12394,2,30,11,5,0,1,1
6,109,4191,2,20,12,7,0,1,1
20,1112,2492,2,15,7,3,0,1,1
4,1218,10531,2,15,6,5,0,1,1
27,269,1831,2,25,7,8,0,1,1
7,10,3002,1,30,4,3,0,1,1
6,314,4354,2,40,13,7,0,1,1
4,616,8489,2,35,4,4,0,1,2
6,1255,213,2,5,7,7,0,1,1
18,134,397,2,40,8,4,0,1,2
20,158,9229,1,0,14,4,0,0,1
6,1385,4818,2,20,9,9,0,1,1
6,1289,12458,3,5,10,7,0,1,2
0,885,9332,2,15,7,5,0,1,1
20,158,2295,2,5,4,6,0,1,2
26,264,955,1,35,7,4,0,1,2
17,1240,2868,3,25,5,8,0,1,2
11,945,914,2,15,7,5,0,1,2
8,178,9925,2,25,5,5,0,1,2
17,992,11300,2,25,5,5,1,1,2
17,980,3546,2,5,4,5,0,1,2
7,1306,3577,2,10,5,5,0,0,2
4,1202,7243,1,15,3,3,0,1,1
26,740,7163,3,50,4,7,0,1,2
10,661,6346,2,25,4,4,0,1,2
21,1185,2643,1,0,2,2,0,1,1
22,1398,3765,2,25,6,5,0,1,0
27,390,24,4,85,5,9,0,0,2
26,1215,10395,2,10,7,7,1,1,1
10,1055,11945,2,0,5,5,0,1,1
7,108,7942,2,20,7,7,0,1,1
27,181,1287,5,150,12,11,1,0,1
7,895,2140,2,5,5,4,0,1,2
17,1094,1439,2,20,7,5,0,1,2
20,158,2452,2,10,11,4,0,0,0
8,678,10837,3,50,5,8,0,1,1
6,673,6047,2,20,12,7,1,0,1
26,39,633,1,5,23,3,0,0,1
27,533,4786,2,25,4,5,0,1,2
4,191,11084,2,80,7,5,0,1,2
6,1287,10834,3,10,8,6,0,1,1
1,525,12173,3,5,8,5,0,1,1
5,601,4446,2,30,6,4,0,1,1
17,1067,6573,2,15,7,4,0,1,1
14,646,3557,3,25,7,7,0,1,1
10,337,10711,2,25,4,5,0,1,1
4,747,164,2,0,8,4,0,1,1
20,492,197,2,0,5,4,0,0,0
6,845,6449,2,5,7,5,0,0,0
21,363,4982,3,65,6,7,0,1,2
10,87,8551,2,10,17,5,0,1,1
10,690,7305,3,30,6,7,0,1,2
3,175,5068,2,35,6,5,1,0,2
18,813,7033,2,45,10,7,0,0,2
10,356,8113,1,5,12,4,0,0,1
10,1174,8867,1,55,4,3,0,1,2
26,1215,8225,2,80,10,5,0,1,2
6,1181,12263,4,0,8,12,0,0,0
22,209,10295,2,20,11,7,0,1,1
26,1023,11319,2,20,5,5,0,0,1
8,501,8098,2,10,6,5,0,1,2
26,1110,8701,2,5,6,4,0,0,0
26,1401,7795,1,5,8,3,0,1,2
17,1357,4559,2,25,5,5,0,1,1
26,74,7967,2,995,4,7,0,1,1
10,1140,8088,2,25,7,7,0,1,2
9,546,11019,3,5,23,9,0,0,1
7,430,1795,2,0,7,3,0,1,2
27,1000,1730,2,40,10,5,0,1,1
13,1154,7788,2,15,5,5,0,1,2
0,549,3648,2,30,5,4,0,1,1
8,396,1501,2,25,4,5,0,1,1
26,1028,2299,2,20,7,5,0,1,2
7,49,7507,2,10,7,8,0,1,2
7,108,2895,2,10,4,4,0,1,1
27,181,2607,5,90,3,10,0,1,1
0,757,7219,2,20,7,5,0,1,1
20,943,7295,2,50,10,6,0,1,1
4,71,1746,2,0,4,4,0,1,1
9,445,10728,2,15,7,4,0,0,1
13,1212,8748,2,10,4,5,0,1,1
7,544,12147,2,0,7,4,0,1,1
21,941,61,2,5,11,5,0,1,1
20,323,7336,2,20,11,5,0,0,0
17,944,12348,2,55,7,2,0,1,2
11,883,2822,4,80,9,8,0,0,1
7,709,9201,2,40,8,5,0,1,1
6,1022,3927,2,5,11,6,0,1,1
10,1074,8784,3,40,6,6,0,1,2
26,39,9133,1,15,16,3,0,0,0
7,438,10712,2,25,5,6,0,1,2
21,477,2167,3,45,6,6,0,1,2
23,879,11489,2,35,5,4,1,0,1
8,1343,678,3,5,7,7,0,1,1
6,1289,5025,3,40,9,7,0,1,2
6,1041,912,2,30,7,5,1,1,1
20,158,1658,2,30,12,5,0,1,1
21,336,4343,2,15,3,5,0,1,1
26,36,7472,1,0,6,5,0,0,0
17,566,8505,2,25,20,7,0,1,2
11,164,7828,3,80,2,8,0,0,1
6,539,814,3,35,8,9,0,1,1
26,1089,4497,1,5,2,2,0,1,1
21,412,3267,3,5,14,7,0,1,2
3,175,4629,3,35,6,6,0,0,2
4,707,12040,2,25,8,5,0,1,2
20,832,3971,2,10,7,5,0,1,1
8,558,9232,2,15,6,5,0,1,1
9,475,30,1,40,2,2,0,0,1
26,39,11440,1,0,9,2,0,0,1
20,158,5901,1,0,11,3,0,0,0
10,1074,7272,3,0,6,7,0,1,2
26,39,85,1,10,14,3,0,0,1
9,230,5553,1,30,2,2,0,1,1
8,501,6132,3,15,8,7,0,1,2
21,408,10610,2,15,6,7,0,1,2
20,729,2278,2,5,7,7,0,1,0
8,178,9925,2,10,10,5,0,1,1
26,1001,6574,2,0,3,5,0,0,1
20,136,11552,2,10,4,7,0,0,0
26,435,10275,1,0,5,2,0,0,0
13,223,334,1,0,11,3,0,1,1
11,521,8749,2,15,6,7,0,1,1
8,1008,2132,2,35,5,5,0,1,2
17,1183,5513,3,10,6,7,0,1,2
26,1132,3071,2,5,4,5,0,0,2
6,1181,7246,2,25,5,7,0,1,1
4,388,12065,3,15,6,7,0,1,1
27,181,5304,2,35,17,5,0,0,1
27,390,10915,4,100,9,10,1,0,1
21,499,1353,3,30,5,8,0,1,1
14,271,826,2,10,11,5,0,1,1
26,1132,5881,2,5,8,8,0,1,0
20,788,4388,2,15,6,4,0,1,1
26,1081,10630,1,45,6,6,0,1,1
4,71,10381,3,5,5,6,0,1,1
12,1010,7775,2,10,6,4,0,1,1
3,1006,11911,2,45,7,5,1,0,2
3,574,7980,2,15,4,5,1,0,1
26,39,1851,2,20,14,6,0,1,2
21,935,10451,3,10,5,6,0,1,1
21,363,12093,3,60,7,6,0,1,2
6,704,1089,3,50,15,9,0,1,1
22,170,3010,3,40,6,7,0,1,1
20,174,7774,2,0,4,5,0,1,1
8,912,11558,2,75,9,5,0,1,1
20,190,6741,2,20,6,5,0,1,1
11,131,3126,4,100,6,8,1,0,1
27,1000,6288,1,10,24,3,0,0,1
8,1004,3581,3,30,9,7,0,1,2
20,1021,2035,2,0,9,5,0,0,2
8,1008,11209,3,30,7,6,0,1,2
20,508,12421,2,0,7,4,0,0,1
20,492,3374,2,5,5,4,0,0,1
6,1002,6263,2,40,9,6,0,1,1
8,558,7882,2,70,4,5,0,1,1
21,1051,4094,2,0,6,6,0,1,2
30,266,9920,2,15,8,5,0,1,1
26,36,6436,1,10,5,3,0,0,1
21,313,7213,3,30,7,5,0,1,2
8,276,6547,3,10,10,6,0,1,2
6,487,382,2,25,4,6,0,1,2
17,1357,3408,2,15,10,5,0,1,2
8,1403,6935,3,5,5,9,0,1,1
26,1001,171,2,40,13,5,0,1,1
6,592,5862,2,25,7,5,0,1,2
24,628,10591,3,5,11,8,1,0,1
17,805,7590,3,20,4,7,0,1,2
20,508,11256,2,15,9,6,0,0,0
20,174,2982,2,10,7,4,0,1,1
4,40,6455,2,0,7,5,0,1,1
26,1132,8649,1,15,6,4,0,1,1
26,432,12443,2,0,23,7,0,0,0
6,845,8916,3,15,14,9,0,0,0
6,1018,10126,3,15,19,7,0,1,1
7,1166,406,1,0,4,2,0,0,1
20,497,8740,1,10,5,5,0,1,1
6,1241,6360,2,0,5,5,0,1,1
6,487,12198,2,20,10,5,0,0,2
17,1080,9219,2,5,8,4,0,1,2
11,1416,2863,1,5,13,3,0,1,1
3,175,6924,4,40,7,8,0,0,1
7,157,1548,2,40,3,5,1,1,1
7,1115,3529,2,20,7,5,0,1,1
10,1250,9353,3,55,6,5,0,1,2
3,1387,3909,5,85,17,10,0,0,1
6,275,8254,1,0,19,4,0,0,1
4,616,3113,3,10,7,7,0,1,2
7,430,11410,2,40,7,5,0,1,1
4,910,10853,1,5,5,2,0,1,1
18,977,2847,2,25,6,5,0,1,2
16,1410,11005,1,20,5,2,0,1,1
20,508,10459,1,5,7,3,0,0,1
22,913,2241,1,10,7,2,0,1,2
18,29,9211,1,15,4,3,0,0,1
17,1030,606,2,0,13,6,0,0,0
17,446,11687,2,10,3,4,0,1,2
27,1106,5595,3,20,10,7,1,0,1
17,306,3342,3,10,10,6,0,1,2
18,256,11172,2,45,8,5,0,0,2
6,187,9695,2,10,5,4,0,1,1
4,191,12160,2,0,3,5,0,1,0
6,673,6023,3,20,7,5,0,1,1
17,596,6707,2,15,4,4,0,1,2
23,915,10388,2,50,10,5,0,1,1
7,800,9137,1,30,6,3,0,1,1
7,790,5287,2,30,3,4,0,1,2
7,10,4891,1,5,3,3,0,1,2
4,972,4156,2,5,6,4,0,1,2
17,233,10379,3,25,6,7,0,1,2
12,1010,4996,2,20,6,4,0,1,1
26,761,8216,3,10,7,8,0,1,0
10,735,6871,2,20,5,4,0,1,2
6,673,12181,3,20,11,11,0,0,0
7,545,2776,2,35,5,5,0,1,2
3,720,6460,1,20,8,5,0,1,2
25,1186,9794,1,20,5,3,0,1,1
27,1000,4802,3,25,5,7,1,0,1
10,1097,3572,2,40,4,4,0,1,1
21,956,10967,2,35,8,7,0,1,2
7,895,9616,1,10,5,5,0,0,1
17,303,3450,2,15,3,7,0,1,2
26,491,8407,2,25,6,5,0,1,1
24,628,10591,2,65,10,5,1,0,1
8,640,8487,2,20,11,5,0,1,1
3,574,2913,2,20,9,5,1,0,1
16,1012,6032,3,5,8,7,0,1,1
6,994,5440,2,30,7,4,0,1,1
26,358,1406,2,25,9,6,0,1,1
5,133,9228,2,20,19,6,1,1,1
20,158,7928,1,10,8,3,0,0,1
6,275,687,2,40,8,6,0,1,1
3,720,6917,2,20,7,6,0,1,2
3,1387,2486,2,25,3,5,0,0,1
20,136,8843,2,5,9,5,0,0,1
10,1207,276,1,0,12,3,0,1,0
22,649,4212,2,15,8,6,0,1,1
7,1091,2625,2,40,11,6,0,1,1
27,1155,5077,2,25,4,6,0,1,2
6,460,564,2,20,4,5,0,1,2
8,463,5638,1,0,6,3,0,1,1
27,216,6789,1,15,19,3,0,0,1
26,36,7472,1,0,2,4,0,0,0
0,885,8393,1,35,6,4,0,1,1
26,1401,11213,1,0,7,3,0,0,1
8,463,5839,2,10,12,7,0,0,0
10,996,2248,2,30,10,7,0,1,1
17,1121,2744,2,30,9,5,0,1,2
7,157,9272,2,0,9,6,0,1,1
7,800,11473,2,20,3,5,0,1,1
11,938,5541,3,35,12,7,0,0,1
20,368,2394,2,20,6,8,0,1,1
6,1082,7770,1,15,6,3,0,1,2
27,533,11033,3,50,5,7,1,1,2
13,18,8307,1,40,8,3,0,1,1
20,1339,6898,2,20,18,2,0,1,1
20,1209,8065,2,0,6,5,0,1,1
10,138,9880,1,35,4,3,0,1,2
22,171,2542,1,30,3,3,0,1,1
12,159,7350,2,10,9,5,0,1,2
21,611,7168,2,25,4,4,0,1,1
20,1161,10846,2,10,5,5,0,1,1
27,269,11121,2,15,10,7,0,1,2
8,828,8725,1,5,18,3,0,0,1
17,658,2845,3,20,4,6,0,1,1
10,825,8577,1,30,7,2,0,0,1
10,105,3848,2,0,4,5,0,1,2
27,390,4262,3,25,11,10,0,0,1
23,915,4257,2,20,7,5,0,1,1
10,417,11857,2,40,6,8,0,1,1
17,247,5509,3,15,10,8,0,1,2
14,520,10903,2,5,7,5,0,1,0
22,763,660,2,10,4,4,0,1,2
26,39,2005,1,20,11,3,0,0,1
9,568,2796,2,5,8,5,0,1,2
2,708,12382,2,20,8,6,0,1,1
13,64,2232,2,5,4,3,0,1,2
4,1095,5724,2,10,8,5,0,1,2
17,1067,5960,2,25,9,5,0,1,2
26,1132,8649,2,15,6,6,0,1,1
13,311,7177,2,20,6,5,0,1,1
3,1006,6683,1,5,12,5,0,0,1
6,398,3801,2,0,8,5,0,1,1
0,676,8029,1,5,4,2,0,1,2
21,1019,10103,2,5,4,5,0,1,2
6,109,83,2,80,5,7,0,1,1
29,1075,8976,2,45,3,5,0,1,1
17,229,4027,3,20,6,7,0,1,2
0,540,8892,2,25,7,5,0,1,1
13,531,8466,2,0,8,6,0,1,1
13,1262,6480,3,15,6,4,0,1,1
17,1045,12383,2,15,6,5,0,1,2
10,575,641,2,10,8,5,0,1,1
11,131,8879,3,40,4,7,0,0,1
20,1112,1355,2,15,6,5,0,1,1
3,1387,10110,5,35,9,10,1,0,1
4,55,11218,2,25,8,5,0,1,1
8,217,10644,1,10,9,3,0,1,1
26,491,9601,2,0,7,5,0,1,1
4,821,6477,1,0,9,2,0,1,1
4,1218,10531,2,5,4,5,0,1,1
26,1050,8829,2,10,5,4,0,0,0
17,1030,606,1,15,5,4,0,0,2
9,713,7624,2,5,11,5,0,0,1
10,151,7723,3,5,19,10,0,0,0
3,1006,6167,2,40,5,5,1,0,2
26,1001,11376,2,0,8,6,0,0,0
3,175,4629,4,120,5,8,0,0,1
20,508,12344,1,15,9,3,0,0,1
14,1201,6738,2,15,9,5,1,1,2
27,1106,4037,3,30,11,7,1,0,2
6,724,3234,2,10,3,5,0,1,1
8,640,6201,2,10,7,5,0,1,1
25,745,6957,1,5,12,3,0,0,1
20,173,3647,2,5,6,3,0,0,0
5,338,540,2,15,11,5,0,1,0
9,445,1370,2,10,14,5,0,0,0
4,616,513,3,25,6,7,0,1,1
7,1306,155,1,0,3,3,0,0,1
4,821,9733,2,50,8,4,0,1,2
26,203,7438,1,15,7,5,0,1,0
7,641,7523,2,35,9,8,0,1,2
8,1073,738,2,25,5,5,0,1,1
10,1182,7664,2,15,6,5,0,1,2
21,1406,7261,3,15,6,6,0,1,1
20,1138,3963,1,5,7,2,0,1,2
7,1068,11388,3,40,7,4,0,1,2
18,321,2911,1,25,17,2,0,1,2
8,1221,2795,3,15,9,7,0,1,2
7,1015,11200,1,15,13,6,0,1,2
26,432,2920,2,5,4,7,0,1,2
6,744,5284,2,15,6,5,0,1,1
11,660,5953,3,50,4,7,1,0,2
20,508,12421,2,25,13,5,0,0,1
22,171,10384,1,15,7,3,0,1,2
20,788,7267,2,20,9,5,0,1,2
6,923,8638,2,80,7,5,0,1,1
8,1425,6853,2,5,6,6,0,1,2
10,1397,2593,2,30,7,6,0,1,1
11,521,11834,2,5,14,8,0,1,1
14,518,3049,2,25,6,4,0,1,1
14,1349,2357,1,60,3,2,0,1,1
3,574,7671,2,35,7,7,0,0,2
6,314,3879,2,10,12,7,0,1,1
17,930,2687,2,10,5,5,0,1,2
21,363,12277,3,5,6,6,0,1,2
17,875,11703,2,30,10,4,0,1,2
0,69,7944,2,10,10,5,0,1,1
0,757,10177,3,30,7,10,0,1,1
8,1403,6935,2,20,5,6,0,1,2
7,157,5181,2,15,5,5,0,1,1
8,1004,6762,1,20,5,2,0,1,2
6,384,1838,2,0,7,5,1,0,1
23,425,4012,3,45,9,7,0,1,1
25,50,6302,1,30,8,2,0,1,2
30,710,7893,1,20,7,3,0,1,1
8,912,5716,1,0,11,3,0,1,1
13,606,11975,2,20,15,5,0,1,1
22,1152,11726,2,15,8,5,0,1,2
20,1112,11058,2,15,8,5,0,0,1
6,104,11366,2,15,11,5,0,1,1
12,1024,1259,2,25,7,6,0,1,2
4,1218,2066,3,25,6,6,0,1,1
21,1219,11395,3,5,8,5,0,1,1
7,1306,10655,2,0,4,5,0,1,2
18,1092,10649,2,995,5,4,0,1,2
8,678,11750,3,30,6,7,0,1,2
6,706,7959,2,55,7,4,0,1,2
20,254,10151,2,10,6,5,0,0,1
26,39,2005,1,5,7,3,0,0,1
7,129,9457,2,25,11,4,0,1,1
3,175,5357,4,50,10,9,0,0,1
7,800,9137,2,20,7,6,0,1,1
7,630,8341,3,50,13,7,0,1,1
21,937,7036,3,5,6,6,0,1,2
1,14,7479,2,35,5,4,0,1,1
8,463,6342,3,50,7,9,1,0,2
8,433,974,1,10,5,5,0,1,2
1,1169,1536,2,25,9,4,0,1,1
7,1306,155,1,15,3,3,0,0,1
21,1019,7284,2,25,7,5,0,1,2
10,405,10686,2,10,4,5,0,1,1
27,181,2627,3,50,16,11,0,0,2
6,1253,5906,5,15,12,16,0,0,0
29,1303,10365,2,30,14,4,0,1,2
17,1275,7658,2,15,14,5,0,0,2
10,405,10686,2,10,5,5,0,1,1
8,1046,7798,3,5,4,7,0,1,2
27,390,11020,2,995,6,6,0,1,1
22,170,286,2,30,4,4,0,1,0
20,173,4431,2,15,8,7,0,0,0
20,508,34,2,15,9,6,0,0,0
13,1310,7464,1,5,7,2,0,1,1
26,1401,11213,2,5,12,6,0,0,1
12,667,11878,2,25,4,4,1,1,2
10,356,263,1,0,7,5,0,1,0
20,254,6067,2,5,6,6,0,1,2
7,1040,363,2,5,14,6,0,0,0
8,1020,5845,2,15,8,5,0,1,1
7,108,2895,2,15,2,5,0,1,1
10,1127,11433,2,15,5,5,0,1,2
20,517,887,2,10,4,7,0,1,1
9,230,8178,2,5,15,6,0,0,0
25,1186,3206,2,15,6,5,0,1,1
17,1030,5669,3,25,10,7,0,1,1
1,1122,5329,2,10,5,5,0,1,2
10,1250,1126,1,5,7,3,0,1,2
11,131,5997,2,50,5,5,1,0,2
6,1291,7352,2,40,7,6,0,1,1
7,859,10311,2,30,4,5,0,1,1
6,1289,5517,1,5,10,3,0,1,2
20,832,6331,2,10,3,4,0,1,2
4,707,3764,2,5,6,5,0,1,1
18,751,3200,2,20,9,6,0,1,2
20,158,2452,2,0,7,4,0,0,1
21,363,4982,1,0,14,3,0,0,0
10,996,7797,2,25,12,6,0,1,1
29,393,7588,2,10,10,5,0,1,1
20,788,913,1,10,3,4,0,0,2
7,258,1869,1,15,6,3,0,1,2
10,1203,11736,2,15,5,4,0,1,1
21,363,3485,2,5,9,5,0,1,1
4,1422,3918,2,25,6,5,0,1,1
22,1380,11375,2,15,14,4,0,1,1
10,218,4775,2,20,10,5,0,1,1
12,650,11510,1,20,3,2,0,1,1
7,746,5011,1,15,10,3,0,1,1
8,1415,9041,3,10,4,6,0,1,2
27,422,4747,2,15,6,5,1,0,2
8,95,6894,2,10,5,4,0,1,2
20,863,5212,2,10,9,7,0,0,1
8,1004,5205,2,20,6,5,0,1,1
10,996,7797,2,5,4,7,0,1,1
4,699,5100,2,5,5,5,0,1,2
10,1207,3095,2,15,18,6,0,1,2
16,89,2512,2,20,10,6,0,1,2
11,131,8614,2,0,11,7,1,0,1
3,1006,6167,2,35,5,5,1,0,2
21,1093,7337,2,30,8,5,1,1,1
17,1393,9534,2,15,5,5,0,1,2
10,1055,10772,2,35,5,7,0,1,1
4,1218,10025,2,10,5,5,0,1,1
13,1154,5051,1,35,6,2,0,1,1
9,670,2699,2,20,5,5,0,1,2
6,931,11651,2,15,7,7,0,1,1
10,417,11857,2,110,6,8,0,1,2
21,363,8973,3,200,8,8,0,1,2
2,103,3501,3,15,8,6,0,1,1
17,1183,3022,2,5,6,5,1,1,2
17,1047,3631,3,50,10,6,0,1,1
8,558,1184,2,10,4,5,0,1,2
10,661,8482,2,15,13,7,0,1,2
6,262,4256,1,45,3,3,1,1,1
6,96,8849,2,40,6,5,0,1,2
20,508,12344,1,5,6,3,0,0,0
21,363,9414,2,5,8,4,0,1,1
11,394,280,1,5,8,4,0,1,1
8,1,8563,2,0,7,6,0,1,2
7,1421,9225,2,5,4,5,0,1,2
4,1095,736,1,10,3,2,0,1,2
3,1229,1099,2,40,6,5,1,1,2
10,603,2752,2,5,6,4,0,1,1
6,1289,8495,3,0,12,11,0,0,1
9,670,2050,2,20,4,5,0,1,2
14,1109,6919,2,10,7,6,0,1,1
8,912,8308,2,15,6,5,0,1,2
7,423,4879,2,25,5,5,0,1,1
4,972,4156,2,0,6,4,0,1,2
18,977,94,1,15,4,3,0,1,2
10,661,5931,2,25,8,4,0,1,1
9,1151,11499,1,5,16,3,0,1,2
13,1160,8237,2,0,9,7,0,1,1
6,516,8770,3,25,14,5,0,1,1
4,910,2995,2,15,6,4,0,1,2
21,123,9237,1,15,3,2,0,1,2
17,414,9782,2,0,13,7,0,1,1
21,313,4621,3,30,16,5,0,1,2
17,992,9574,2,20,8,6,0,1,1
6,398,8017,2,80,11,6,0,1,2
10,1055,12193,2,20,9,4,0,1,1
10,142,4273,3,55,3,8,0,1,2
7,1273,8034,2,10,9,6,0,1,1
13,373,5778,2,35,5,4,0,1,1
10,1097,2890,2,5,6,7,0,1,1
30,266,1224,2,15,8,4,0,1,1
17,263,5214,3,5,7,6,0,1,2
30,710,1448,3,25,11,8,0,1,1
8,463,8236,3,25,9,8,1,0,1
10,562,593,2,20,4,4,0,1,1
20,1339,9575,2,5,8,6,0,1,1
26,1132,2036,2,0,6,5,0,1,1
13,1160,4097,2,15,7,7,0,1,1
4,1422,3918,2,25,8,5,0,1,1
10,575,842,2,5,7,5,0,1,1
23,472,10594,2,10,10,5,0,1,0
6,275,7275,2,20,5,4,0,1,1
8,463,5024,2,65,4,7,0,1,1
22,942,11428,2,60,5,5,0,1,2
6,464,5203,2,10,8,7,0,1,1
11,765,12479,4,80,5,9,1,0,1
27,1106,5639,2,65,6,5,1,0,2
0,69,5824,2,30,10,6,0,1,1
10,1174,9536,2,15,8,5,0,1,2
8,1029,8497,2,30,11,6,0,1,2
4,328,4394,2,35,5,5,0,1,2
22,1136,12298,2,20,13,5,0,1,1
16,1361,7818,2,35,10,6,0,1,1
4,689,1312,2,20,6,5,0,1,1
16,1056,12356,1,15,10,3,0,0,2
20,11,1592,2,85,6,4,0,1,1
26,432,4435,1,5,2,2,0,0,0
7,1188,4344,2,5,13,4,0,1,2
20,1112,11058,2,30,6,4,0,0,1
20,281,7097,2,15,6,7,0,1,0
4,1334,7418,2,0,9,7,0,1,2
4,13,11344,3,25,5,6,0,1,2
21,499,4994,2,10,5,7,0,1,1
17,992,4948,2,15,6,5,0,1,2
5,997,234,2,10,7,6,0,1,1
24,1388,9107,2,10,11,4,0,1,0
4,605,7510,2,40,9,4,0,1,1
7,728,4424,1,0,4,3,0,1,1
16,547,10804,2,10,17,6,0,1,1
6,673,6047,1,15,12,3,0,0,1
21,123,6864,3,10,5,6,0,1,2
6,830,4515,2,5,10,6,0,1,2
22,418,10671,2,25,22,4,0,1,1
18,134,7756,3,40,9,7,0,1,2
10,1397,3786,1,5,2,3,0,0,1
6,460,564,3,15,8,8,0,0,1
6,932,5004,2,80,4,6,0,1,2
26,762,10530,2,60,7,7,0,1,1
10,488,12448,2,15,3,5,0,1,1
21,300,11045,3,5,9,6,0,1,2
17,31,9684,3,45,8,7,0,1,1
4,1202,5735,2,40,6,6,0,1,1
7,728,5682,2,15,3,5,1,1,1
14,429,10319,2,10,13,5,0,1,1
17,1045,609,2,10,7,5,0,1,2
18,677,819,2,50,6,5,0,1,2
8,600,4813,2,0,12,8,0,1,2
8,276,2956,2,25,7,4,0,1,2
7,1265,9903,2,50,10,7,0,1,2
22,763,660,2,10,5,4,0,1,1
3,720,6531,1,20,20,3,0,0,1
26,1401,418,1,0,10,3,0,0,0
21,363,10839,2,30,7,5,0,1,2
26,1401,6377,1,10,9,4,0,0,1
27,181,2608,4,100,3,9,0,0,1
15,1087,8745,2,15,4,5,0,1,2
6,539,6020,2,60,7,6,0,1,1
13,1159,2850,3,10,12,6,0,1,1
17,247,3997,1,10,11,2,0,0,2
7,1040,651,2,20,9,5,0,1,1
10,1227,9598,2,5,5,5,0,1,2
4,447,4140,2,20,4,3,0,1,1
17,869,9080,2,5,3,4,0,1,1
17,1030,12540,2,30,9,6,0,1,1
27,533,5435,2,5,9,6,1,0,2
8,600,4356,3,55,9,7,0,1,2
26,1222,12155,1,100,5,3,0,1,1
26,39,11440,2,20,12,7,0,0,0
26,39,9897,1,40,14,3,0,0,1
26,1401,1938,1,5,15,3,0,0,0
10,337,2327,3,20,6,6,0,1,2
17,367,7254,3,15,10,5,0,1,2
6,487,7439,2,20,7,5,0,1,1
16,89,12143,2,25,11,4,0,1,1
17,1011,3297,2,20,5,4,0,1,1
8,41,8373,2,5,10,4,0,1,2
25,868,362,2,5,10,5,0,1,1
20,508,11256,2,0,8,6,0,0,0
3,1387,4194,5,100,2,10,1,0,2
15,578,545,3,10,7,5,0,1,1
17,247,1254,2,5,11,6,0,1,2
13,1159,2850,2,15,6,4,0,1,1
20,832,9781,2,15,3,4,0,1,1
20,863,6507,2,0,6,6,0,0,1
21,839,582,3,40,7,6,0,1,2
6,1384,4148,2,40,8,5,0,1,1
1,1122,3886,2,15,6,5,0,1,1
8,912,5716,3,10,12,7,0,1,1
21,499,4994,2,15,3,5,0,1,1
8,1297,12439,3,10,3,8,0,1,1
6,460,99,3,0,9,7,0,1,1
8,374,11724,3,70,5,7,0,1,1
17,1119,7456,3,10,6,7,0,1,2
4,529,4713,2,0,8,4,0,1,1
12,339,10307,1,15,5,3,0,1,1
7,1265,10092,2,25,10,7,0,1,2
6,1135,626,2,5,6,4,0,1,1
7,1265,1112,2,5,13,5,0,1,2
2,33,3561,2,15,9,6,0,1,2
10,1074,8048,2,10,6,6,0,1,2
11,765,3808,4,55,7,9,0,0,1
6,109,7650,2,0,8,7,0,1,1
5,1418,11670,2,30,6,4,1,1,0
3,574,8016,2,35,13,4,1,0,1
3,175,5128,4,85,7,8,1,0,2
17,51,1979,3,25,4,7,0,1,2
10,661,5931,2,25,6,4,0,1,2
17,566,426,1,20,7,3,0,1,2
11,1039,1019,2,20,9,6,0,1,1
7,129,9457,2,35,8,4,0,1,2
22,1417,3575,2,0,15,5,0,1,1
22,913,3726,2,5,8,7,0,1,1
0,279,5356,3,15,9,7,0,1,1
8,98,3185,2,20,6,7,0,1,2
17,721,7789,2,10,7,4,0,1,1
7,157,9272,2,15,11,7,0,0,1
12,44,1167,1,15,2,4,0,1,2
26,432,10609,1,0,7,4,0,0,1
7,1265,10092,2,10,9,7,0,1,2
3,720,9139,1,15,3,3,0,0,1
4,369,11904,2,30,10,5,0,1,1
17,1149,9419,2,0,16,6,0,1,1
8,66,9451,2,5,8,7,0,1,1
27,548,7676,1,15,6,2,0,1,2
25,1063,1435,1,20,8,3,0,1,1
7,1328,2949,2,10,4,5,0,1,2
7,1356,7989,2,5,10,5,0,1,1
3,1006,7021,2,20,6,5,1,0,2
20,500,6772,2,15,9,4,0,1,1
26,1001,6626,2,10,8,6,0,0,1
8,1020,3042,2,10,6,6,0,1,2
17,1094,180,2,5,10,5,0,1,2
20,729,1419,2,5,9,6,0,1,1
4,741,3542,2,10,3,5,0,1,2
7,157,7679,2,10,4,4,0,1,2
3,720,6531,2,5,9,7,0,1,1
13,1053,2279,1,5,4,4,0,1,2
21,363,3485,3,20,7,8,0,1,2
4,910,7007,2,15,7,4,0,1,1
7,157,7679,1,5,10,3,0,0,0
8,463,10502,2,10,4,5,1,0,1
17,1279,3713,3,20,9,11,0,1,2
3,720,3189,2,15,6,5,0,1,2
6,931,1055,2,60,10,5,0,1,2
6,1241,9839,2,80,6,6,0,1,2
8,1073,6692,2,30,7,6,0,1,1
3,1006,333,2,35,11,5,1,0,1
8,217,11581,3,20,4,7,0,1,1
21,477,4348,3,10,5,6,0,1,2
27,1155,7851,1,15,29,3,0,0,2
25,920,729,2,5,5,5,0,1,1
8,463,5839,1,0,7,3,0,0,1
4,616,12301,2,5,7,4,0,1,1
30,73,12312,1,20,5,3,0,1,2
6,673,6023,3,55,8,5,0,0,1
6,673,2685,3,25,7,5,1,1,1
8,613,8037,2,25,17,5,0,1,2
6,724,1207,3,5,10,8,0,0,1
13,634,8336,2,10,7,4,0,1,0
21,169,7569,3,25,7,4,0,1,1
10,661,571,2,0,11,7,0,0,1
27,1394,8008,4,15,11,10,0,0,0
26,435,6181,1,0,10,2,0,0,1
15,192,10168,2,10,6,5,1,0,0
27,533,11882,3,40,8,6,1,1,2
6,1108,1750,2,15,7,7,1,0,1
4,689,11314,2,20,9,5,0,1,1
13,199,12476,2,5,8,4,0,1,0
21,140,8491,2,50,3,5,0,1,1
21,1251,8681,2,45,7,5,0,1,1
20,158,9229,2,15,7,4,0,0,1
8,1425,8398,2,45,6,6,0,1,2
10,575,1463,2,20,7,6,0,1,1
18,977,94,1,25,6,4,0,1,2
15,192,10168,3,30,5,7,1,1,1
15,288,9176,2,15,7,5,0,1,1
17,1149,2759,3,15,7,7,0,1,2
6,1108,1750,1,15,7,5,1,0,1
7,799,5460,1,0,3,2,0,1,1
22,61,12215,2,20,6,4,0,1,1
3,720,926,2,10,5,6,1,1,2
17,1357,4703,2,30,6,5,0,1,2
20,788,4388,2,0,5,4,0,1,0
8,534,4174,1,5,7,3,0,1,2
4,208,4793,2,5,9,5,0,1,1
27,181,7055,5,100,7,10,1,0,1
26,1259,6129,1,15,6,3,0,1,1
7,1166,459,3,20,11,7,0,1,1
27,1394,3168,2,15,4,4,0,1,2
6,1168,7077,3,20,10,7,0,1,1
7,108,2895,2,10,4,5,0,1,1
8,979,9416,1,0,5,2,0,0,0
6,673,6023,1,5,21,4,0,0,0
7,108,10202,2,10,7,5,0,1,1
10,142,2809,2,15,5,5,0,1,2
18,751,10361,2,5,11,5,0,1,2
25,843,6092,2,35,9,6,0,1,0
7,157,1320,2,10,7,7,0,0,0
3,1006,4570,2,45,6,7,1,0,1
6,770,10517,2,0,11,9,0,1,1
10,562,10062,2,30,5,4,0,1,0
20,826,5653,1,10,27,3,0,0,0
7,157,7679,2,5,3,4,0,1,1
7,1356,4459,1,10,6,3,0,1,1
15,1260,5869,2,10,7,4,0,1,1
17,1080,4482,2,20,7,3,0,1,2
26,896,12492,2,95,6,5,0,0,0
13,1154,1044,1,0,5,2,0,0,0
0,1031,725,3,5,12,9,0,1,1
7,1068,11388,2,25,5,4,0,1,1
7,630,1618,2,15,7,5,0,1,2
8,558,4327,2,40,16,4,0,1,1
13,1154,1866,2,10,7,5,0,1,0
17,31,5133,3,15,5,7,0,1,2
0,946,2469,2,30,9,6,0,1,0
16,547,10870,2,10,10,5,0,1,1
1,122,5962,2,5,27,4,0,1,0
17,1064,3547,3,25,6,6,0,1,2
8,828,10259,3,25,6,7,0,1,2
6,1082,6927,3,40,13,8,0,1,2
27,269,11121,2,15,8,7,0,1,2
7,1068,387,2,40,7,5,0,1,2
23,698,536,2,25,19,5,0,1,1
8,659,1432,3,10,6,8,0,1,1
11,389,3935,2,20,7,7,0,1,2
23,202,3768,3,25,9,8,0,1,1
22,381,11178,2,15,10,5,0,1,0
20,672,1953,2,80,8,6,0,1,1
7,746,10603,2,15,14,5,0,1,2
10,1382,8286,2,20,12,5,0,1,2
17,1381,7992,3,25,7,6,0,1,2
17,797,11553,3,10,5,6,0,1,2
22,726,3677,2,15,10,5,0,1,1
11,131,1488,2,30,8,7,0,1,2
17,1393,9534,3,20,20,6,0,1,2
10,1074,1601,3,40,4,8,0,1,2
30,710,12489,1,15,6,2,0,1,2
27,548,4339,2,5,5,7,1,1,2
0,1347,11073,3,10,6,8,0,1,1
22,478,629,1,5,5,2,0,1,0
17,233,7972,3,40,5,6,0,1,2
10,1074,11333,2,30,8,4,0,1,2
26,39,633,1,20,18,3,0,0,1
4,1334,9825,3,10,3,7,0,1,1
6,1210,1547,2,35,6,6,0,1,1
8,1020,11195,3,20,5,5,0,1,2
10,76,1841,3,0,13,10,0,0,1
10,960,2356,3,0,6,6,0,1,1
26,1132,6645,2,20,7,6,0,0,1
26,1028,1030,3,35,8,9,0,1,1
8,1297,12439,2,5,9,6,0,1,1
21,274,6540,3,10,10,6,0,1,2
25,889,1339,3,10,5,7,0,1,1
20,158,4322,1,15,11,3,0,0,1
20,826,5653,1,20,9,3,0,1,1
4,148,7514,2,20,12,5,0,1,1
8,1415,1118,1,15,5,5,0,1,2
10,803,8153,2,15,6,7,0,1,2
4,40,3106,2,0,7,5,0,1,1
7,728,11227,2,40,3,6,1,1,1
20,158,621,1,0,5,2,0,1,1
17,1080,9219,1,25,6,2,0,1,2
0,877,11869,3,20,9,6,0,1,1
5,511,9594,3,15,15,6,1,1,1
10,1397,284,1,20,7,3,0,1,1
8,696,4409,2,10,4,5,0,1,2
17,247,3997,1,5,32,2,0,0,1
26,39,9133,2,50,14,7,0,1,1
3,1006,4570,2,45,7,8,1,0,1
6,592,10323,2,5,16,6,0,0,0
21,935,12494,2,10,5,4,0,1,1
8,558,10761,2,40,6,5,0,1,1
26,1377,9547,2,15,8,4,0,0,1
6,314,11995,2,15,8,4,1,1,1
0,676,4774,3,20,6,7,1,1,1
0,81,192,2,15,10,5,0,1,1
6,99,1682,2,10,8,6,0,1,1
26,432,2370,1,5,6,5,0,0,0
7,157,5265,2,35,4,4,0,1,2
4,1342,6504,2,5,14,5,0,1,1
3,574,7671,2,35,8,6,1,0,2
23,848,7623,2,70,8,6,0,1,2
9,445,10728,1,20,9,2,0,0,2
27,1000,1730,2,15,9,5,1,1,1
5,1284,868,3,15,7,8,0,1,1
7,895,2587,2,25,5,4,0,1,1
26,39,11440,1,0,9,3,0,0,0
6,1253,20,2,10,11,6,0,0,0
20,158,4322,2,10,13,5,0,0,1
18,29,3271,2,0,2,5,0,0,1
16,92,5496,1,0,5,3,0,1,2
7,1115,3529,2,15,5,5,0,1,1
16,232,2592,3,0,7,7,0,1,1
14,1120,1165,2,995,6,5,0,1,1
13,1142,8234,2,15,12,4,0,1,1
6,1291,3922,2,15,7,6,0,1,1
6,516,4293,2,15,11,7,1,1,1
26,1001,6574,2,0,9,5,0,0,2
9,546,11699,2,10,8,5,0,0,1
17,1322,6855,3,15,12,7,0,1,1
6,724,1207,2,10,6,5,0,0,0
10,1140,2448,2,20,6,4,0,1,2
7,49,3543,2,40,8,8,0,1,2
25,58,3835,2,25,5,7,0,1,1
10,960,7761,2,20,2,4,0,1,0
8,767,3352,2,10,8,6,0,1,2
10,1407,12475,2,30,6,5,0,1,1
6,673,2803,2,20,6,6,0,1,1
26,761,8216,3,30,7,9,0,1,1
10,417,9412,3,70,7,6,0,1,1
11,883,8858,4,30,8,9,1,0,2
21,694,1250,3,5,17,7,0,1,2
9,1151,7998,1,5,3,2,0,1,1
5,267,12134,2,10,4,5,0,1,1
10,1097,399,2,25,6,4,0,1,2
10,151,5055,2,10,6,6,0,1,1
13,777,4789,2,20,5,4,0,1,2
10,1055,2152,1,10,2,5,0,1,1
8,678,8780,3,35,2,5,0,1,1
13,1376,2000,2,0,4,5,0,1,1
17,967,3474,1,0,19,3,0,0,0
26,1050,11056,1,0,10,3,0,0,0
26,886,6562,2,0,10,5,0,0,0
4,1282,7266,2,15,5,5,0,1,1
2,242,8204,2,30,11,6,0,1,2
21,363,12277,1,20,11,2,0,1,2
20,158,9229,1,5,12,2,0,0,1
17,229,4027,2,10,9,3,1,1,2
27,548,10505,2,25,10,6,0,1,2
4,891,11782,1,0,22,3,0,0,0
27,390,600,4,90,5,10,1,0,2
6,314,11995,3,20,7,7,0,1,1
20,270,12307,2,10,5,5,0,0,1
8,41,2684,1,10,7,2,0,1,2
16,479,3194,3,25,6,5,0,1,1
4,910,7687,1,20,6,2,0,1,1
15,1105,866,2,25,7,5,0,1,1
21,477,11116,3,15,6,6,0,1,2
8,206,6064,1,5,5,2,0,0,1
26,1001,171,1,5,3,2,0,0,2
20,729,3672,2,25,9,6,0,1,1
20,508,3654,2,5,7,5,0,0,1
20,251,7188,2,5,5,8,0,0,1
8,678,10837,3,25,11,8,0,1,1
20,254,8540,2,10,4,6,0,0,1
6,652,3452,3,60,5,6,0,1,1
17,490,10599,2,40,7,5,0,1,2
21,313,11296,3,30,9,6,0,1,1
8,1054,3423,3,20,6,8,0,1,2
21,363,12277,3,100,17,7,0,1,2
19,1016,4065,1,15,4,3,0,1,2
8,678,3362,3,40,6,8,0,1,1
13,1125,11512,3,25,4,6,0,1,1
13,634,9312,1,50,10,2,0,1,1
21,839,304,3,10,11,6,0,1,2
22,1366,1997,1,10,7,3,0,0,1
13,569,11965,3,10,11,6,0,1,1
22,1088,5722,2,10,4,4,0,1,1
30,1111,9926,2,25,7,5,0,1,1
20,943,7608,2,95,6,7,0,1,1
4,598,3081,2,5,6,5,0,1,1
10,1227,12521,3,20,4,7,0,1,1
10,151,7723,1,5,13,3,0,0,0
8,178,10645,2,5,3,5,0,1,2
20,368,5980,2,25,6,6,0,1,2
10,636,2881,2,30,8,5,0,1,1
11,938,10992,3,30,11,8,1,0,1
11,1194,8589,2,30,8,7,0,1,1
8,640,8487,3,20,8,6,0,1,2
6,1206,291,2,25,6,6,0,1,1
27,1106,4037,1,10,9,3,1,0,1
7,838,2052,2,15,7,4,0,1,1
9,230,12430,1,15,12,3,0,0,1
3,1229,4245,3,50,19,6,1,0,1
20,261,4162,2,10,5,6,0,1,1
6,1038,10185,3,20,10,10,0,0,1
9,568,2796,2,10,6,5,0,1,2
17,1080,4482,2,40,6,3,0,1,2
26,1110,3729,2,5,6,6,0,1,1
10,804,268,2,10,7,5,0,1,1
12,339,11173,2,30,8,5,0,1,2
21,313,6134,2,5,3,4,0,1,1
17,716,11890,2,20,11,6,0,1,2
17,233,8031,3,5,10,6,0,1,2
13,553,7029,2,25,8,4,0,1,0
21,9,1729,2,5,9,7,0,1,2
7,258,4827,2,30,7,4,0,0,2
10,1127,8512,2,35,5,5,0,1,2
6,1210,2130,2,15,21,5,0,1,1
26,1081,4466,2,100,8,5,0,1,1
8,66,8510,3,15,9,7,0,1,1
5,988,7582,3,35,9,5,0,1,1
15,579,8693,3,60,10,7,0,1,2
27,181,3368,4,100,9,8,0,0,1
3,574,8141,2,25,16,6,0,1,2
6,1253,5667,1,10,12,3,0,0,0
22,478,629,1,5,6,3,0,1,1
10,1382,11682,2,40,3,5,0,1,2
16,949,2927,3,10,9,7,0,1,1
10,1278,2342,3,70,7,7,0,1,2
7,859,7732,2,10,4,5,0,1,1
12,307,5528,2,45,6,4,1,0,1
20,481,549,2,5,6,7,0,1,1
20,1402,9001,2,30,6,4,0,1,1
5,448,12510,2,25,7,4,0,1,1
12,543,3407,2,25,3,5,0,1,2
7,799,7208,2,20,5,5,0,1,2
26,580,6195,2,10,11,5,0,1,1
27,548,1119,3,40,23,10,1,0,2
26,397,2599,3,5,4,7,0,1,0
20,788,7902,2,0,7,4,0,0,1
26,358,10808,1,0,7,3,0,0,0
10,76,5289,2,10,5,5,0,1,2
27,548,1119,2,30,19,5,1,0,2
13,18,5625,2,20,7,4,0,1,0
17,343,10284,2,5,6,6,0,1,2
21,313,312,3,10,5,5,0,1,1
8,561,9662,3,15,8,8,0,1,1
17,992,3999,1,5,5,3,0,1,2
21,929,11519,3,50,11,6,0,1,2
27,422,10326,3,25,5,8,1,0,2
4,1095,5724,2,90,8,4,0,1,2
6,1384,145,2,70,6,5,0,1,1
20,1021,10890,2,15,8,5,0,0,1
21,1419,283,3,50,6,7,0,1,2
30,542,8830,2,15,6,6,0,1,1
7,157,5181,3,50,7,8,0,1,1
20,11,4204,1,30,7,4,0,1,1
0,793,9210,3,25,4,8,0,1,1
27,1155,7854,1,10,10,3,1,0,2
1,122,1581,2,30,3,4,0,1,1
6,457,6232,2,15,5,5,0,1,1
8,659,119,3,15,5,7,0,1,2
8,395,8642,3,40,4,6,0,1,2
10,142,2192,1,50,11,3,0,1,2
26,762,11994,3,70,11,8,0,1,1
6,1181,6590,2,60,11,6,0,1,2
25,843,6092,2,50,15,5,0,1,1
4,1095,9021,3,5,3,6,0,1,1
20,719,11718,2,25,7,6,0,0,1
13,606,11975,2,20,15,5,0,1,1
7,473,2304,1,0,6,3,0,0,0
20,517,9118,2,10,4,5,0,1,2
6,376,5885,2,45,4,4,0,1,1
17,1275,761,2,10,9,5,0,1,2
4,1218,10025,1,995,12,2,0,1,0
6,376,10236,3,10,18,8,0,0,0
17,1080,6609,2,15,6,4,0,1,2
6,1022,1437,2,20,8,5,0,1,2
6,197,2771,1,40,4,3,0,1,1
6,287,10436,3,5,5,6,0,1,2
23,698,9717,2,60,8,5,0,1,1
4,447,6048,2,0,6,5,0,1,1
26,1110,4418,2,15,6,4,0,1,1
3,175,4773,3,30,6,7,0,0,1
4,71,10381,2,10,5,4,0,1,1
17,1080,6817,2,10,7,5,0,1,1
8,1009,975,2,15,10,6,0,1,2
7,423,679,2,10,5,5,0,1,2
13,553,11598,1,15,6,3,0,1,1
4,219,11554,2,30,7,3,0,1,1
7,1411,9732,2,10,5,5,0,1,2
26,1001,171,1,5,4,3,0,0,0
7,27,10878,2,25,11,7,0,1,2
8,433,3638,2,0,7,7,0,1,1
13,909,11624,1,0,4,3,0,1,1
7,1188,10393,2,5,4,6,0,1,2
21,140,4754,3,70,8,7,0,1,1
17,1067,3219,1,15,9,3,0,1,2
20,1134,8238,2,0,10,4,0,1,1
10,735,519,2,10,2,3,1,0,1
17,198,7051,3,5,7,10,0,1,2
27,1155,12020,2,80,9,5,0,0,2
21,363,12093,3,10,11,6,0,1,2
26,919,9409,2,5,3,4,0,1,0
5,702,10618,2,35,8,4,0,1,1
17,721,7789,3,40,5,6,0,1,2
6,1253,8759,4,85,6,8,0,0,1
20,517,269,1,0,11,3,0,1,2
3,1387,3909,5,85,8,11,0,0,2
7,895,2587,2,25,5,4,0,1,1
8,1297,7206,1,85,2,3,0,1,1
26,36,5318,1,5,17,3,0,0,0
27,1106,5639,2,5,7,7,0,0,1
22,1152,1546,2,25,9,5,0,1,2
4,707,5479,2,20,7,5,0,1,1
3,574,1256,2,30,6,7,0,0,1
6,464,5203,2,10,8,7,0,1,1
21,941,61,2,5,6,5,0,1,2
15,1338,8121,2,60,7,5,0,1,1
17,1322,7973,3,10,18,7,0,1,1
10,804,1371,2,60,5,4,0,1,1
4,191,7311,2,5,7,7,0,1,1
7,718,3332,2,25,9,4,0,1,2
20,500,7092,2,5,7,4,0,1,2
6,275,458,2,0,8,6,0,1,2
21,363,3306,2,5,4,4,0,1,2
20,497,9380,1,20,6,5,0,1,2
13,223,334,1,5,10,3,0,1,0
20,158,4613,1,0,7,4,0,0,1
26,302,9847,2,10,5,4,0,0,1
4,616,513,2,20,9,6,0,1,1
22,1320,11775,1,25,5,2,0,1,1
20,158,621,1,0,26,3,0,0,1
20,158,1658,2,5,11,4,0,0,1
26,432,4435,2,10,7,7,0,1,0
7,617,4566,2,55,13,5,0,1,2
8,463,2386,1,15,8,3,0,1,1
26,1132,875,2,10,2,4,0,0,0
4,747,11413,1,5,6,3,0,1,0
27,390,9360,4,55,15,11,1,1,2
6,141,6063,2,45,11,6,0,1,1
8,1343,3972,2,10,6,4,0,1,2
4,328,5548,3,25,5,4,0,1,1
13,1053,7597,2,15,4,4,0,1,2
21,363,7868,4,10,13,13,0,0,0
30,710,6277,1,10,8,3,0,0,1
22,726,10485,2,50,7,5,0,1,1
18,321,10165,1,35,10,4,0,1,2
3,1229,8197,2,30,14,8,1,0,1
13,909,9341,2,0,6,4,0,1,1
4,474,11771,2,10,7,8,0,1,1
7,258,12275,1,15,4,3,0,1,2
27,181,11799,3,15,17,7,0,0,1
10,87,10522,2,15,4,6,0,1,2
21,1062,5565,2,5,9,5,0,1,2
16,1410,5013,2,25,7,5,0,1,1
5,133,8883,2,0,16,5,1,1,1
8,463,2917,2,5,9,5,0,0,1
3,720,9139,3,20,13,7,1,0,1
4,734,8931,3,15,7,6,0,1,1
16,350,1102,3,15,10,6,0,1,1
30,710,6277,2,20,5,5,0,1,2
28,1187,7259,2,10,11,5,0,1,1
20,136,11552,2,15,3,7,0,0,1
27,533,11882,2,25,7,6,0,1,2
26,1050,8654,1,0,11,3,0,0,0
21,1251,5264,3,35,6,6,0,1,2
11,765,12112,1,15,12,3,0,0,1
6,572,6230,2,50,4,5,0,1,1
6,1287,7247,2,25,10,5,0,1,2
17,1183,1113,2,20,6,5,0,1,2
25,700,1388,2,30,3,4,0,1,1
26,886,11288,1,5,6,3,0,0,0
10,1397,8870,1,5,5,3,0,1,1
7,1068,1512,3,25,6,7,0,1,1
11,1104,2305,1,25,5,3,0,1,1
6,933,7731,2,15,7,5,0,1,1
10,1278,11384,2,0,14,4,0,1,1
20,323,7336,2,20,10,5,0,0,0
7,282,10570,1,60,8,4,0,1,1
20,1402,1086,2,25,5,4,0,1,1
21,345,8571,3,10,6,7,0,1,2
18,134,615,2,5,5,5,0,1,2
20,385,3923,2,0,9,5,0,0,1
9,475,6274,1,15,3,3,0,1,1
8,912,6647,2,40,6,5,0,1,1
17,967,3474,1,0,11,4,0,0,0
20,214,10569,2,70,5,4,0,1,1
27,1155,4278,1,30,2,3,1,0,2
21,937,3953,3,20,6,7,0,1,2
21,873,7279,3,5,8,6,0,1,1
26,886,12157,2,5,3,5,0,0,1
4,529,10558,2,35,7,4,0,1,1
25,889,11109,2,35,10,5,0,1,1
17,21,11276,3,30,5,7,0,1,2
17,658,7531,2,15,6,4,0,1,1
0,766,9571,3,995,7,8,0,1,0
11,660,4317,1,5,18,3,0,0,1
10,151,7723,3,5,15,9,0,0,0
21,313,4621,3,15,13,5,0,1,2
21,363,7868,3,20,3,6,0,1,2
17,343,8514,2,60,6,5,0,1,2
26,1028,4363,2,10,7,5,0,1,1
6,287,10608,3,15,6,7,0,1,2
6,453,3486,2,20,6,5,0,1,1
27,548,10720,3,45,8,6,0,1,1
6,852,5280,3,25,3,6,0,1,1
12,591,11145,2,15,11,4,0,1,0
21,611,5968,2,10,3,4,0,1,1
3,1229,6027,1,5,8,4,1,0,2
26,435,8109,2,10,6,8,0,1,2
26,991,1452,2,15,5,5,0,1,2
17,1064,4843,1,5,16,3,0,1,2
17,1149,5807,3,5,5,7,0,1,2
8,463,5638,2,0,9,5,0,1,1
11,131,7872,2,10,3,4,0,1,0
7,10,4605,2,10,11,6,0,0,1
7,108,10202,2,20,6,5,0,1,2
26,1001,171,1,5,6,2,0,0,1
27,181,8944,3,60,13,6,1,0,1
8,268,4682,3,5,5,6,0,1,1
11,586,9187,1,5,7,3,0,1,1
26,1215,8252,2,25,7,7,1,1,1
17,797,6150,3,15,8,6,0,1,2
4,514,9618,2,55,10,5,0,1,2
8,463,10714,4,90,13,12,1,0,1
8,1,9221,2,40,5,6,0,1,1
27,548,10505,2,30,11,6,0,1,2
20,214,11715,2,75,4,7,0,1,1
21,1185,5754,2,5,4,4,0,1,2
21,941,2586,3,70,5,5,0,1,1
10,1182,605,2,15,9,5,0,1,0
7,1233,6431,2,45,6,4,0,1,1
10,575,842,2,25,24,6,0,1,1
6,1170,3236,2,20,8,7,0,1,1
7,333,3776,2,5,3,4,0,1,1
17,1080,1377,2,10,5,5,0,1,2
20,1190,3732,2,5,13,6,0,1,1
9,26,2742,1,30,8,3,0,0,1
10,1007,9883,2,0,7,5,0,1,1
11,164,7057,2,50,6,4,1,0,1
20,251,10420,1,10,6,4,0,0,1
10,405,4104,2,5,7,4,0,1,2
20,826,1369,2,25,5,4,0,1,0
21,937,3953,3,0,6,7,0,1,2
22,763,9726,2,15,4,4,0,1,1
8,1046,10237,2,35,4,5,0,1,1
20,261,2189,2,25,10,5,0,1,1
6,398,1391,2,5,9,7,0,1,1
10,90,568,3,20,5,6,0,1,2
17,1279,1770,3,25,12,11,0,1,1
11,364,2834,2,15,9,5,0,1,1
6,724,2536,2,0,9,6,0,1,2
6,931,9860,3,40,10,7,0,1,2
21,873,12384,2,25,8,5,0,1,2
11,765,2964,2,0,8,6,0,0,0
8,440,10144,3,10,14,7,0,1,1
6,104,11366,2,25,11,5,0,1,2
6,1324,12474,2,15,7,7,0,1,1
13,128,2363,2,10,7,5,0,0,1
3,1229,2403,3,20,7,7,1,0,1
9,230,12430,1,15,13,3,0,0,1
27,533,11033,3,10,6,7,0,1,2
2,524,6483,2,15,14,5,0,1,2
6,852,904,3,20,12,10,0,1,1
21,9,8404,3,20,6,6,0,1,2
6,704,5310,2,10,6,6,0,1,1
15,610,5853,2,20,8,4,1,1,1
26,1215,2351,2,30,12,7,0,1,1
12,331,4698,2,25,7,4,0,1,1
22,816,3460,2,35,8,6,0,1,2
6,287,10436,3,40,7,7,0,1,2
26,39,11246,2,25,24,5,0,0,0
21,645,444,3,5,6,6,0,1,1
13,221,6956,2,25,9,5,0,1,1
17,303,3285,3,10,4,6,0,1,2
17,1196,10765,1,20,10,3,0,1,2
22,1136,5551,2,5,29,7,0,0,0
10,1382,65,3,25,6,8,0,1,2
12,591,9411,2,35,5,4,0,1,1
7,746,5011,2,5,8,7,0,0,1
27,181,3172,3,85,6,7,1,0,2
16,949,4545,3,5,8,6,0,1,1
12,1033,11069,1,15,3,2,0,1,0
26,424,5158,2,0,7,4,0,1,1
20,158,5901,3,10,12,11,0,0,1
25,513,8977,1,15,7,2,0,1,1
26,1001,11008,3,15,5,7,0,1,1
16,1361,8095,1,35,9,3,0,1,1
20,1021,9646,2,10,6,6,0,0,1
10,488,8102,2,5,15,5,0,1,1
26,227,2692,2,40,6,5,0,1,1
21,363,8973,3,25,20,8,0,1,1
10,417,9845,3,20,3,7,0,1,2
17,930,3634,3,15,6,7,0,1,2
27,216,12323,2,0,22,6,0,0,1
7,157,9272,2,0,12,6,0,1,1
6,1170,3874,2,10,10,7,0,1,1
3,574,8555,3,25,11,6,0,1,1
22,418,1985,2,20,11,5,0,1,1
8,640,7843,3,60,6,8,0,1,1
8,463,2917,1,15,3,3,0,0,2
17,1119,9142,2,35,6,6,0,1,1
21,477,8993,3,10,5,7,0,1,2
6,1277,9802,2,15,6,5,0,1,2
26,886,9779,2,5,4,5,0,0,0
25,889,7922,2,25,5,6,0,0,2
27,548,9673,3,20,11,7,1,0,1
27,533,1326,3,15,12,11,0,0,1
11,660,1758,2,25,7,5,1,0,1
7,1265,9903,2,10,11,7,0,1,2
6,457,6232,3,20,8,8,0,1,1
20,1209,4719,2,0,5,5,0,1,2
7,382,11016,2,45,14,5,0,1,2
17,944,8232,3,0,5,10,0,0,1
4,1276,4902,2,0,6,5,0,1,1
7,800,9137,1,5,10,3,0,0,1
10,488,6394,2,20,6,6,0,1,1
26,1001,11008,1,0,2,2,0,0,1
8,41,7414,2,30,5,4,0,1,2
10,310,12240,2,0,6,4,0,1,1
6,565,5275,2,20,6,6,0,1,2
7,258,12275,1,5,11,3,0,1,2
6,376,3292,3,50,13,6,1,0,1
20,1190,7598,2,35,5,4,0,1,1
7,27,9912,1,5,2,2,0,0,1
7,157,1548,4,0,17,12,0,0,0
16,1012,4238,2,5,6,6,0,1,1
27,548,7676,2,15,6,6,1,1,1
20,251,8715,2,10,8,6,0,1,1
21,107,6501,3,5,8,6,0,1,1
6,1253,8759,2,0,10,5,0,0,0
17,1198,10819,2,40,7,4,0,1,2
17,980,2866,2,10,6,6,0,1,2
7,555,2763,2,30,4,4,0,1,1
5,576,11922,2,25,6,5,0,1,1
13,1083,592,2,5,9,5,0,1,1
7,895,11544,2,15,6,4,0,1,1
17,367,1973,3,10,12,7,0,1,2
17,618,2786,2,10,4,4,0,1,2
2,1321,12404,2,10,8,5,0,1,1
18,1317,11887,3,0,29,10,0,0,2
25,1118,11517,2,50,9,5,0,1,1
16,244,2124,2,20,6,5,0,1,2
26,358,1004,2,10,13,5,0,1,1
27,533,9339,3,20,8,9,1,1,1
17,31,9104,2,5,7,4,0,1,1
11,660,9652,2,40,5,6,0,0,2
15,67,3141,2,10,7,5,0,1,1
20,281,2664,2,10,7,7,0,1,2
24,958,4962,2,65,11,7,0,1,2
21,1355,1234,3,20,8,6,0,1,1
9,210,5427,2,5,14,6,0,0,1
6,398,7047,2,10,11,7,0,1,1
20,629,400,1,5,5,4,0,1,1
4,55,2653,2,25,7,4,0,1,1
6,931,8574,3,5,15,9,0,0,0
10,1250,5915,2,30,5,5,0,1,2
29,510,9016,2,15,15,5,0,1,1
10,1207,276,2,20,5,7,0,1,1
4,1276,2337,2,0,7,6,0,1,1
17,1313,1349,2,20,10,8,0,1,2
16,118,3046,2,15,5,5,0,1,1
3,1387,3795,4,80,23,8,0,0,2
10,1074,8048,3,30,6,7,0,1,2
17,399,9543,3,50,12,7,0,1,2
6,1135,626,1,10,7,3,0,1,1
17,31,9104,2,15,6,4,0,1,1
27,1106,6656,3,30,11,8,1,0,1
6,376,10236,3,5,10,9,0,0,0
10,1203,4689,2,10,5,6,0,1,1
13,311,3370,2,20,13,5,0,1,2
6,1287,2169,3,25,7,6,0,1,2
20,158,6802,2,10,11,5,0,0,1
26,1085,1589,1,10,5,4,0,1,1
11,765,6737,3,70,10,6,0,0,2
11,389,8767,2,10,7,7,0,1,1
7,555,608,2,15,6,5,0,1,1
13,311,4022,2,0,13,5,0,1,1
26,39,633,2,5,24,7,0,0,0
25,391,8367,1,10,9,3,0,0,1
21,941,7234,2,10,9,4,0,1,1
11,131,2294,3,40,8,10,0,0,1
4,212,4620,2,15,8,5,0,1,1
12,93,9718,2,20,8,5,0,1,1
10,417,9845,3,65,5,8,0,1,2
4,910,7007,2,10,9,5,0,1,1
10,1382,5036,3,15,16,8,0,0,0
27,548,7676,2,20,5,4,1,0,1
11,1104,2305,2,15,7,6,0,1,1
10,1055,10918,2,60,3,5,0,1,1
6,673,12181,3,15,11,11,0,0,1
16,547,5316,2,10,10,5,0,1,1
1,624,2368,2,25,4,4,0,1,2
20,517,943,2,25,9,7,0,1,2
4,1202,981,2,65,5,7,0,1,1
14,5,12322,2,30,6,5,0,1,2
6,1324,10464,2,5,7,5,0,1,2
26,39,9897,1,25,15,3,0,0,0
25,889,1339,1,10,6,6,0,1,0
6,671,7129,2,60,9,11,0,1,1
8,640,7843,3,20,5,8,0,1,2
6,1289,8495,2,20,6,5,0,1,2
16,244,9048,2,10,7,6,0,1,2
3,1387,4194,3,40,5,7,1,0,1
6,932,3439,2,100,3,7,0,1,1
27,390,2307,2,20,7,5,0,1,2
20,1309,6468,2,60,7,7,0,1,1
6,933,6901,1,10,3,2,0,1,1
11,660,12077,3,30,9,10,1,0,1
4,369,1698,2,5,9,5,0,1,1
7,1115,3529,2,35,4,5,0,1,2
17,682,9192,3,0,11,7,0,1,2
20,215,6356,2,0,6,5,0,0,0
26,1215,8252,2,25,8,7,1,1,1
25,779,7083,2,10,6,6,1,1,1
4,512,8851,3,0,6,7,0,1,1
25,889,7922,2,10,4,7,0,0,1
13,553,185,2,10,6,4,0,1,2
17,21,3978,3,60,6,6,0,1,2
21,313,11708,3,30,12,5,0,1,2
6,932,5238,2,60,3,6,0,1,1
21,935,3008,3,15,11,6,0,1,1
20,158,2452,2,20,15,7,0,0,1
10,488,7877,1,10,3,3,0,1,2
10,1074,8048,2,0,3,7,0,1,2
22,22,2467,2,15,11,5,0,1,1
26,1001,11376,1,10,12,3,0,0,0
7,84,11119,3,10,10,7,0,1,2
4,512,11931,3,50,10,7,0,1,1
13,783,9836,2,10,5,5,0,1,1
17,1149,3774,3,5,12,7,0,1,2
11,660,5953,2,40,9,5,1,0,2
6,923,9785,3,35,5,6,0,1,1
4,651,5875,1,15,3,3,0,1,0
10,1207,12511,2,25,5,7,0,1,1
21,274,11004,3,15,6,6,0,1,1
8,396,1108,2,15,4,7,1,1,2
10,76,1841,2,60,10,5,0,1,1
23,1246,3925,3,55,7,7,0,1,1
4,1276,7958,2,15,7,6,0,1,1
7,108,7942,2,5,9,7,0,1,2
22,816,11085,1,40,9,2,0,1,1
17,1149,5807,1,40,5,2,0,1,2
10,488,8102,2,5,6,5,0,1,1
0,885,12121,1,25,9,3,0,1,2
9,546,1509,2,25,9,5,0,0,1
10,218,2213,2,15,4,5,0,1,2
4,605,4309,2,5,4,5,0,1,1
10,1140,2448,3,35,6,6,0,1,2
8,66,8450,3,20,5,7,0,1,1
11,131,5799,1,5,10,2,0,1,2
17,367,4869,1,0,21,3,0,0,0
10,127,10437,2,15,4,4,1,1,1
6,1108,5909,2,15,9,6,1,0,1
17,797,6150,3,15,7,6,0,1,2
22,1088,9355,2,60,5,4,0,1,0
1,273,7974,3,5,9,6,0,1,1
6,932,210,2,15,9,5,0,1,1
26,991,3006,2,10,4,5,0,0,0
7,904,11866,2,30,7,6,0,1,2
7,157,5181,3,40,5,8,0,1,1
6,724,5298,2,10,11,5,0,1,1
6,262,12508,2,5,6,5,1,1,2
6,1277,7577,1,5,7,3,0,0,2
22,649,611,1,40,6,3,0,1,1
18,256,12011,3,60,11,6,0,0,2
4,13,12366,3,25,8,6,0,1,1
13,1365,10896,2,5,8,4,0,1,1
30,73,11442,2,15,11,6,0,1,1
11,131,1242,3,30,8,6,0,0,1
3,1006,4570,3,35,6,10,1,0,1
27,1000,3441,3,40,15,7,1,0,2
7,969,6746,2,10,20,7,0,1,1
17,446,6285,1,25,5,4,0,1,2
26,1023,11319,1,0,16,3,0,0,1
8,1020,3042,1,10,2,3,0,1,1
24,560,1788,2,10,8,5,0,1,1
16,479,10418,3,20,8,6,0,1,2
7,430,2770,2,25,13,5,0,1,1
3,1387,6175,5,30,10,10,0,0,1
20,261,4162,2,5,6,6,0,1,1
6,314,6411,3,25,8,6,0,1,1
7,157,1320,2,30,14,4,0,1,2
21,727,977,3,65,7,5,0,1,2
21,727,11453,2,25,6,3,0,1,2
2,1351,5681,1,15,8,5,0,1,1
10,996,8360,2,25,6,5,0,1,1
8,1049,11380,2,15,8,6,0,1,2
7,258,12275,1,0,7,3,0,1,2
6,262,4256,2,20,8,7,0,1,1
26,991,6462,2,0,6,5,0,0,0
7,630,3318,2,0,10,4,0,1,2
10,1278,2342,3,40,7,7,0,1,1
9,670,6152,1,5,13,3,0,0,1
10,310,6799,2,10,5,4,0,1,2
8,1,6078,2,20,8,7,0,1,2
17,409,12224,2,15,7,7,0,1,2
21,408,7625,3,25,8,8,0,1,1
20,174,6208,2,10,6,5,0,1,1
10,417,11857,2,45,8,8,0,1,2
4,1422,6745,2,10,11,7,0,1,1
6,457,8492,2,45,6,7,0,1,1
6,516,9828,2,20,7,7,0,1,1
12,284,4540,1,15,3,2,0,1,2
17,1121,2744,2,15,8,5,0,1,2
7,157,5265,3,5,17,9,0,0,0
17,1045,9899,4,5,13,12,0,0,1
7,969,8876,2,50,11,7,0,1,2
7,282,9022,1,10,7,4,0,1,2
13,213,4931,2,10,11,5,0,1,1
4,91,11889,2,25,3,5,0,1,2
4,616,12301,2,15,6,4,0,1,2
7,1015,8818,1,0,8,5,0,1,2
25,745,9834,1,5,6,2,0,1,1
26,1028,881,2,30,9,5,0,1,1
26,896,2555,2,20,3,4,0,1,0
21,1219,9088,3,10,10,7,0,1,1
6,1181,7246,2,15,7,7,0,1,0
6,994,475,2,25,3,5,0,1,2
26,991,2757,2,20,7,5,0,0,1
8,66,9451,3,70,8,10,0,1,1
17,1080,1377,2,15,8,5,0,1,2
8,1221,2795,2,25,10,5,0,1,2
26,39,11440,1,10,10,3,0,0,0
8,696,6035,2,40,8,7,0,1,2
4,1334,4279,2,10,5,4,0,1,2
17,967,2821,2,5,6,5,0,1,2
6,724,10578,2,10,11,5,0,1,1
26,1401,1938,1,15,5,3,0,1,1
26,1001,12258,2,10,7,4,0,1,0
27,390,8698,4,100,4,8,1,0,1
17,1275,7157,1,25,7,3,0,0,2
20,826,5653,2,0,22,4,0,1,0
27,533,11882,2,15,4,4,1,0,1
17,682,7461,2,45,12,5,0,1,2
17,263,8275,3,40,9,6,1,0,1
27,181,2607,5,70,6,10,0,1,1
20,1359,1725,2,15,6,5,0,0,1
10,356,12286,2,0,12,5,0,1,1
18,751,11557,3,25,9,6,0,1,1
10,405,10970,2,40,5,6,0,1,1
20,158,1202,2,40,13,6,0,0,2
7,790,2335,2,15,8,4,0,1,1
2,42,2543,2,5,3,6,0,1,1
8,561,10602,3,40,7,8,0,1,2
25,745,8909,1,10,8,3,0,0,1
27,269,1521,3,60,11,6,1,0,1
10,151,7723,1,5,19,3,0,0,0
15,188,1147,2,35,9,4,1,0,1
4,616,513,2,25,7,6,0,1,2
22,355,9504,2,0,9,5,0,1,1
6,1350,3790,3,15,12,9,0,1,1
22,170,3010,2,30,7,4,0,1,2
17,1080,6817,1,10,6,2,0,1,2
9,210,11077,2,15,16,7,0,0,1
20,1402,8686,2,20,7,6,0,1,1
16,244,3813,2,20,6,5,0,1,2
21,941,2586,3,30,5,5,0,1,1
25,1118,4673,1,30,4,2,0,1,1
27,1155,5077,2,15,12,6,0,0,0
27,1394,7631,4,55,5,13,1,0,1
6,845,985,3,25,7,7,0,1,1
26,358,9434,2,15,10,5,0,1,0
20,508,12421,2,15,5,4,0,0,1
8,463,10502,2,5,15,6,0,0,0
15,1100,10057,2,25,15,5,1,1,1
17,1119,4255,2,20,6,6,0,1,2
26,762,11994,2,40,6,4,0,1,1
8,1415,3525,2,20,4,8,0,1,2
25,292,12250,2,0,15,5,0,1,1
20,1309,6468,2,5,9,7,0,1,0
21,1326,11580,2,10,7,7,0,1,2
21,363,8973,3,35,9,8,0,1,2
26,991,5422,2,20,7,4,0,1,0
6,314,3879,2,20,9,5,0,1,2
4,40,3858,2,30,5,5,0,1,1
4,191,8580,2,20,6,5,0,1,1
26,424,4268,2,35,12,5,0,1,1
26,991,6462,2,5,6,4,0,1,1
8,178,8769,2,15,8,4,0,1,1
17,1121,7821,3,10,23,7,0,1,2
26,240,2734,2,5,9,8,0,1,1
17,869,10822,2,15,6,5,0,1,1
20,385,3923,2,20,12,5,0,1,1
8,659,5937,3,25,5,7,0,1,2
17,1030,4922,2,15,21,5,0,0,2
3,574,3815,3,25,11,7,1,0,1
17,658,7434,3,35,6,6,0,1,1
10,825,4502,1,25,6,3,0,1,2
26,1050,8829,2,5,3,4,0,0,1
26,39,11440,1,15,11,3,0,0,2
10,138,9821,3,15,5,8,0,1,2
20,120,445,1,0,5,4,0,1,1
26,1401,6377,2,10,8,4,0,0,1
19,1193,12308,2,25,7,5,0,1,1
21,313,10014,3,10,4,5,0,1,1
4,13,3967,2,10,6,4,0,1,2
6,652,12041,2,15,4,5,0,1,1
17,31,5152,3,10,7,7,0,1,2
6,931,4712,2,15,8,5,0,1,2
17,414,6493,2,25,10,7,0,1,2
6,275,5480,2,15,8,7,0,1,1
13,239,2203,2,10,3,5,0,1,1
10,70,627,3,15,11,6,0,1,1
27,269,5197,3,10,4,7,0,1,2
12,591,2095,2,30,7,4,0,1,1
21,169,12052,2,10,5,4,0,1,2
3,1006,5052,2,30,4,5,1,1,2
6,1241,9839,2,80,7,7,0,1,2
13,526,10321,2,30,5,4,0,1,1
10,87,3576,1,40,5,3,0,1,2
12,1266,5533,1,20,4,2,0,1,1
26,1001,6040,1,5,5,3,0,0,1
10,1207,12014,2,25,6,5,0,1,1
2,708,6137,2,50,8,6,0,1,1
16,89,7216,2,10,12,6,0,1,1
21,107,11846,2,40,5,6,0,1,2
8,463,5839,2,10,15,5,1,0,1
26,39,9133,1,0,15,4,0,0,0
10,1278,8869,2,15,7,4,0,1,1
21,471,9376,3,30,5,7,0,1,2
7,790,4839,2,5,1,5,0,1,1
6,830,5168,1,0,10,3,0,1,1
8,433,3638,2,30,5,6,0,1,2
13,526,9029,2,15,8,4,0,1,1
13,523,7558,2,10,6,5,0,1,1
7,527,9649,2,0,9,6,0,1,1
21,929,9378,2,20,4,4,0,1,2
6,287,10608,3,20,7,7,0,1,1
12,615,7801,2,10,4,4,0,1,2
17,1080,6609,2,50,10,5,0,1,2
4,388,6725,3,80,4,6,0,1,1
6,104,1543,2,100,6,5,0,1,2
8,178,9925,2,50,7,5,0,1,1
6,460,4062,3,30,14,7,0,1,2
6,845,12103,4,65,12,8,1,0,2
1,583,4697,2,5,5,5,0,1,1
11,131,11392,2,0,11,4,0,1,2
20,158,5901,2,0,12,7,0,0,1
26,762,742,2,25,3,5,0,1,1
30,710,11281,2,35,5,4,0,1,1
17,1240,2868,3,10,5,8,0,1,2
4,71,8753,3,5,4,6,0,1,1
8,178,8769,2,50,13,4,0,1,1
3,1387,10110,5,80,9,11,1,0,2
26,432,2920,3,10,6,10,0,1,1
26,435,886,2,10,10,8,0,0,1
20,254,1423,2,0,9,3,1,0,1
13,128,10833,2,10,3,5,0,1,2
6,1289,5149,2,20,8,5,0,1,1
27,181,5637,5,15,24,16,0,0,1
30,266,6877,3,50,13,5,0,1,1
16,547,25,2,20,6,5,0,1,2
0,357,1764,2,15,10,7,0,1,1
27,1106,4037,3,20,10,9,0,0,1
10,151,7723,4,15,13,12,0,0,0
21,363,7868,3,30,4,6,0,1,1
0,540,1565,3,15,9,7,0,1,1
7,258,5726,2,30,16,4,0,0,2
10,76,59,2,10,2,4,0,1,1
25,725,12127,1,50,4,2,1,1,1
6,673,6592,3,25,7,5,0,1,1
6,453,3656,3,15,9,6,1,0,1
17,1067,9014,2,25,14,4,0,1,2
11,660,1758,1,15,15,3,0,0,1
8,640,8487,2,0,5,5,0,1,1
14,420,8087,2,80,10,6,0,1,1
6,109,8446,2,45,9,6,0,1,1
10,1397,3786,2,15,5,5,0,1,1
26,886,11562,2,5,4,6,0,0,1
26,886,12157,2,5,5,5,0,0,1
21,1326,2588,2,15,7,6,0,1,2
6,1108,3080,3,20,7,6,0,1,1
30,73,11442,2,35,16,5,0,1,1
27,533,4386,3,30,8,8,0,0,2
17,967,4975,2,10,7,7,0,1,2
4,191,5918,1,15,5,4,0,1,2
21,274,8688,3,0,13,6,0,1,2
11,883,10852,4,90,2,8,0,0,1
26,203,7438,1,20,6,5,0,1,1
10,218,5484,3,35,10,6,0,1,1
9,546,2067,2,10,18,7,0,0,1
10,1407,11944,2,15,6,5,1,1,2
3,1229,11320,2,25,4,5,1,0,1
7,430,12378,2,20,7,3,0,1,1
21,1426,5679,3,10,7,6,0,1,1
14,764,6612,2,20,7,5,1,1,0
4,598,8152,2,15,9,6,0,1,1
23,774,11154,2,50,7,5,1,1,1
13,64,5042,2,20,5,3,0,1,0
17,1011,3297,2,20,4,3,0,1,2
26,1259,12203,2,15,5,6,0,1,2
